item_id;pedido_id;data_pedido;mes;cliente_id;cliente;uf_cliente;cidade_cliente;idade_cliente;status_pedido;canal_venda;forma_pagamento;produto_id;produto;categoria;fornecedor;quantidade;valor_unitario_tabela;desconto_pct;valor_pago_unitario;valor_bruto_item;desconto_valor_item;receita_realizada_item;custo_item;lucro_item;margem_pct;frete_pedido;dias_entrega;motivo_cancelamento
1;1;2026-02-13;2026-02;49;Caio Ribeiro;BA;Feira de Santana;43;ENTREGUE;Site;Pix;5;Mousepad Grande;Acessórios;Prime Eletrônicos;2;39.9;0.05;37.9;79.8;4.0;75.8;34.0;41.8;0.5515;42.97;3;
2;2;2026-04-04;2026-04;20;Henrique Silva;SP;Ribeirão Preto;21;ENTREGUE;WhatsApp;Cartão crédito;10;SSD 480GB SATA;Armazenamento;Mega Componentes;2;259.9;0.03;252.1;519.8;15.6;504.2;316.0;188.2;0.3733;50.17;7;
3;2;2026-04-04;2026-04;20;Henrique Silva;SP;Ribeirão Preto;21;ENTREGUE;WhatsApp;Cartão crédito;2;Teclado Membrana ABNT2;Periféricos;TechDistribuidora Brasil;1;89.9;0.08;82.71;89.9;7.19;82.71;48.0;34.71;0.4197;50.17;7;
4;3;2026-03-01;2026-03;16;Larissa Martins;SP;São José do Rio Preto;33;CANCELADO;WhatsApp;Pix;3;Headset Gamer P2;Periféricos;FastHardware;2;159.9;0;159.9;319.8;0.0;0;168.0;0;0;31.84;;Falta de estoque
5;4;2026-04-19;2026-04;33;Isabela Oliveira;BA;Salvador;33;CANCELADO;Indicação;Boleto;1;Mouse Óptico USB;Periféricos;TechDistribuidora Brasil;1;49.9;0;49.9;49.9;0.0;0;25.0;0;0;24.96;;Produto indisponível
6;5;2026-04-19;2026-04;23;Matheus Silva;RJ;Rio de Janeiro;21;ENTREGUE;Marketplace;Pix;19;"Monitor LED 21.5""";Monitores;Brasil Monitores;1;679.9;0.08;625.51;679.9;54.39;625.51;495.0;130.51;0.2086;56.95;1;
7;6;2026-04-06;2026-04;21;Henrique Pereira;RJ;Rio de Janeiro;52;ENTREGUE;Indicação;Pix;17;Processador Ryzen 5;Componentes;FastHardware;1;799.9;0.03;775.9;799.9;24.0;775.9;612.0;163.9;0.2112;47.09;4;
8;6;2026-04-06;2026-04;21;Henrique Pereira;RJ;Rio de Janeiro;52;ENTREGUE;Indicação;Pix;25;Roteador Wi-Fi AC1200;Rede;Connect Rede;2;249.9;0.08;229.91;499.8;39.98;459.82;290.0;169.82;0.3693;47.09;4;
9;7;2026-04-09;2026-04;34;Vitor Martins;RJ;Rio de Janeiro;60;ENTREGUE;Site;Pix;1;Mouse Óptico USB;Periféricos;TechDistribuidora Brasil;1;49.9;0.05;47.4;49.9;2.5;47.4;25.0;22.4;0.4726;22.65;3;
10;7;2026-04-09;2026-04;34;Vitor Martins;RJ;Rio de Janeiro;60;ENTREGUE;Site;Pix;3;Headset Gamer P2;Periféricos;FastHardware;1;159.9;0.1;143.91;159.9;15.99;143.91;84.0;59.91;0.4163;22.65;3;
11;7;2026-04-09;2026-04;34;Vitor Martins;RJ;Rio de Janeiro;60;ENTREGUE;Site;Pix;27;Placa de Rede PCIe;Rede;Connect Rede;1;79.9;0.08;73.51;79.9;6.39;73.51;37.0;36.51;0.4967;22.65;3;
12;8;2026-03-27;2026-03;35;Sofia Santos;PR;Londrina;35;ENTREGUE;Marketplace;Cartão crédito;1;Mouse Óptico USB;Periféricos;TechDistribuidora Brasil;1;49.9;0.03;48.4;49.9;1.5;48.4;25.0;23.4;0.4835;53.54;4;
13;9;2026-03-05;2026-03;29;Thiago Carvalho;SP;São José do Rio Preto;50;ENTREGUE;Site;Cartão crédito;5;Mousepad Grande;Acessórios;Prime Eletrônicos;1;39.9;0;39.9;39.9;0.0;39.9;17.0;22.9;0.5739;43.5;5;
14;10;2026-02-06;2026-02;12;Renan Silva;RJ;Rio de Janeiro;61;ENTREGUE;WhatsApp;Pix;2;Teclado Membrana ABNT2;Periféricos;TechDistribuidora Brasil;1;89.9;0;89.9;89.9;0.0;89.9;48.0;41.9;0.4661;33.65;9;
15;11;2026-04-13;2026-04;1;Nicolas Souza;SP;Mirassol;18;ENTREGUE;Site;Cartão crédito;8;Suporte Articulado para Monitor;Acessórios;OfficeTech Supply;1;149.9;0.12;131.91;149.9;17.99;131.91;73.0;58.91;0.4466;51.34;4;
16;11;2026-04-13;2026-04;1;Nicolas Souza;SP;Mirassol;18;ENTREGUE;Site;Cartão crédito;5;Mousepad Grande;Acessórios;Prime Eletrônicos;4;39.9;0;39.9;159.6;0.0;159.6;68.0;91.6;0.5739;51.34;4;
17;11;2026-04-13;2026-04;1;Nicolas Souza;SP;Mirassol;18;ENTREGUE;Site;Cartão crédito;10;SSD 480GB SATA;Armazenamento;Mega Componentes;1;259.9;0;259.9;259.9;0.0;259.9;158.0;101.9;0.3921;51.34;4;
18;12;2026-06-05;2026-06;45;Nicolas Costa;PR;Maringá;45;ENVIADO;Site;Cartão crédito;28;Repetidor Wi-Fi;Rede;Connect Rede;1;139.9;0.03;135.7;139.9;4.2;135.7;69.0;66.7;0.4915;13.89;1;
19;13;2026-05-22;2026-05;58;João Souza;SP;Mirassol;52;ENTREGUE;Instagram;Pix;20;"Monitor IPS 24""";Monitores;Brasil Monitores;1;899.9;0.03;872.9;899.9;27.0;872.9;665.0;207.9;0.2382;34.15;1;
20;13;2026-05-22;2026-05;58;João Souza;SP;Mirassol;52;ENTREGUE;Instagram;Pix;5;Mousepad Grande;Acessórios;Prime Eletrônicos;1;39.9;0.05;37.9;39.9;2.0;37.9;17.0;20.9;0.5515;34.15;1;
21;13;2026-05-22;2026-05;58;João Souza;SP;Mirassol;52;ENTREGUE;Instagram;Pix;25;Roteador Wi-Fi AC1200;Rede;Connect Rede;1;249.9;0;249.9;249.9;0.0;249.9;145.0;104.9;0.4198;34.15;1;
22;14;2026-04-12;2026-04;59;Letícia Souza;SP;Votuporanga;39;ENVIADO;Site;Cartão crédito;18;Cooler para Processador;Componentes;Mega Componentes;2;99.9;0.08;91.91;199.8;15.98;183.82;92.0;91.82;0.4995;12;1;
23;15;2026-03-24;2026-03;53;Carla Almeida;SP;Ribeirão Preto;54;ENTREGUE;Instagram;Cartão débito;28;Repetidor Wi-Fi;Rede;Connect Rede;1;139.9;0;139.9;139.9;0.0;139.9;69.0;70.9;0.5068;26.02;3;
24;15;2026-03-24;2026-03;53;Carla Almeida;SP;Ribeirão Preto;54;ENTREGUE;Instagram;Cartão débito;5;Mousepad Grande;Acessórios;Prime Eletrônicos;1;39.9;0;39.9;39.9;0.0;39.9;17.0;22.9;0.5739;26.02;3;
25;15;2026-03-24;2026-03;53;Carla Almeida;SP;Ribeirão Preto;54;ENTREGUE;Instagram;Cartão débito;27;Placa de Rede PCIe;Rede;Connect Rede;1;79.9;0;79.9;79.9;0.0;79.9;37.0;42.9;0.5369;26.02;3;
26;15;2026-03-24;2026-03;53;Carla Almeida;SP;Ribeirão Preto;54;ENTREGUE;Instagram;Cartão débito;25;Roteador Wi-Fi AC1200;Rede;Connect Rede;2;249.9;0;249.9;499.8;0.0;499.8;290.0;209.8;0.4198;26.02;3;
27;16;2026-01-27;2026-01;41;Thiago Costa;SC;Florianópolis;60;ENTREGUE;Indicação;Cartão crédito;2;Teclado Membrana ABNT2;Periféricos;TechDistribuidora Brasil;1;89.9;0.1;80.91;89.9;8.99;80.91;48.0;32.91;0.4067;41.29;4;
28;16;2026-01-27;2026-01;41;Thiago Costa;SC;Florianópolis;60;ENTREGUE;Indicação;Cartão crédito;5;Mousepad Grande;Acessórios;Prime Eletrônicos;1;39.9;0;39.9;39.9;0.0;39.9;17.0;22.9;0.5739;41.29;4;
29;16;2026-01-27;2026-01;41;Thiago Costa;SC;Florianópolis;60;ENTREGUE;Indicação;Cartão crédito;1;Mouse Óptico USB;Periféricos;TechDistribuidora Brasil;1;49.9;0.08;45.91;49.9;3.99;45.91;25.0;20.91;0.4555;41.29;4;
30;16;2026-01-27;2026-01;41;Thiago Costa;SC;Florianópolis;60;ENTREGUE;Indicação;Cartão crédito;27;Placa de Rede PCIe;Rede;Connect Rede;1;79.9;0;79.9;79.9;0.0;79.9;37.0;42.9;0.5369;41.29;4;
31;17;2026-01-19;2026-01;48;Caio Rodrigues;SP;Ribeirão Preto;36;ENTREGUE;WhatsApp;Boleto;10;SSD 480GB SATA;Armazenamento;Mega Componentes;1;259.9;0.05;246.9;259.9;13.0;246.9;158.0;88.9;0.3601;41.02;2;
32;17;2026-01-19;2026-01;48;Caio Rodrigues;SP;Ribeirão Preto;36;ENTREGUE;WhatsApp;Boleto;12;HD Externo 1TB;Armazenamento;InfoMax Atacado;1;369.9;0;369.9;369.9;0.0;369.9;246.0;123.9;0.335;41.02;2;
33;18;2026-04-23;2026-04;24;Gabriela Nascimento;SP;Votuporanga;29;ENVIADO;Marketplace;Pix;15;Fonte 500W 80 Plus;Componentes;FastHardware;1;289.9;0.08;266.71;289.9;23.19;266.71;182.0;84.71;0.3176;23.73;4;
34;19;2026-02-15;2026-02;43;Caio Souza;SP;Mirassol;22;ENTREGUE;Site;Cartão crédito;14;Memória RAM 16GB DDR4;Componentes;Mega Componentes;1;319.9;0.08;294.31;319.9;25.59;294.31;198.0;96.31;0.3272;12.48;10;
35;20;2026-06-03;2026-06;38;Diego Santos;MS;Campo Grande;52;ENTREGUE;Site;Cartão débito;27;Placa de Rede PCIe;Rede;Connect Rede;1;79.9;0;79.9;79.9;0.0;79.9;37.0;42.9;0.5369;32.79;4;
36;21;2026-03-08;2026-03;12;Renan Silva;RJ;Rio de Janeiro;61;ENTREGUE;Site;Pix;26;Switch 8 Portas Gigabit;Rede;Connect Rede;1;189.9;0;189.9;189.9;0.0;189.9;103.0;86.9;0.4576;36.14;2;
37;22;2026-02-28;2026-02;8;Mariana Pereira;SP;São Paulo;63;ENTREGUE;WhatsApp;Cartão crédito;8;Suporte Articulado para Monitor;Acessórios;OfficeTech Supply;4;149.9;0.03;145.4;599.6;18.0;581.6;292.0;289.6;0.4979;35.65;4;
38;22;2026-02-28;2026-02;8;Mariana Pereira;SP;São Paulo;63;ENTREGUE;WhatsApp;Cartão crédito;21;"Monitor Gamer 27""";Monitores;Brasil Monitores;1;1599.9;0.1;1439.91;1599.9;159.99;1439.91;1190.0;249.91;0.1736;35.65;4;
39;23;2026-01-09;2026-01;31;Tatiane Lima;SP;Mirassol;31;EM PROCESSAMENTO;Site;Cartão crédito;7;Adaptador USB-C HDMI;Acessórios;Prime Eletrônicos;3;119.9;0;119.9;359.7;0.0;359.7;174.0;185.7;0.5163;44.77;;
40;23;2026-01-09;2026-01;31;Tatiane Lima;SP;Mirassol;31;EM PROCESSAMENTO;Site;Cartão crédito;2;Teclado Membrana ABNT2;Periféricos;TechDistribuidora Brasil;1;89.9;0;89.9;89.9;0.0;89.9;48.0;41.9;0.4661;44.77;;
41;23;2026-01-09;2026-01;31;Tatiane Lima;SP;Mirassol;31;EM PROCESSAMENTO;Site;Cartão crédito;17;Processador Ryzen 5;Componentes;FastHardware;1;799.9;0;799.9;799.9;0.0;799.9;612.0;187.9;0.2349;44.77;;
42;24;2026-06-04;2026-06;8;Mariana Pereira;SP;São Paulo;63;ENTREGUE;Site;Pix;14;Memória RAM 16GB DDR4;Componentes;Mega Componentes;1;319.9;0.05;303.9;319.9;16.0;303.9;198.0;105.9;0.3485;44.96;3;
43;24;2026-06-04;2026-06;8;Mariana Pereira;SP;São Paulo;63;ENTREGUE;Site;Pix;19;"Monitor LED 21.5""";Monitores;Brasil Monitores;1;679.9;0;679.9;679.9;0.0;679.9;495.0;184.9;0.272;44.96;3;
44;24;2026-06-04;2026-06;8;Mariana Pereira;SP;São Paulo;63;ENTREGUE;Site;Pix;18;Cooler para Processador;Componentes;Mega Componentes;3;99.9;0;99.9;299.7;0.0;299.7;138.0;161.7;0.5395;44.96;3;
45;25;2026-05-01;2026-05;6;Yasmin Santos;MG;Uberaba;52;ENTREGUE;Site;Cartão crédito;18;Cooler para Processador;Componentes;Mega Componentes;1;99.9;0;99.9;99.9;0.0;99.9;46.0;53.9;0.5395;35.88;9;
46;26;2026-03-01;2026-03;49;Caio Ribeiro;BA;Feira de Santana;43;ENTREGUE;Site;Cartão crédito;27;Placa de Rede PCIe;Rede;Connect Rede;1;79.9;0;79.9;79.9;0.0;79.9;37.0;42.9;0.5369;43.99;4;
47;27;2026-02-19;2026-02;23;Matheus Silva;RJ;Rio de Janeiro;21;ENTREGUE;Indicação;Pix;6;Cabo HDMI 2m;Acessórios;Prime Eletrônicos;4;29.9;0.08;27.51;119.6;9.56;110.04;40.0;70.04;0.6365;37.62;2;
48;27;2026-02-19;2026-02;23;Matheus Silva;RJ;Rio de Janeiro;21;ENTREGUE;Indicação;Pix;19;"Monitor LED 21.5""";Monitores;Brasil Monitores;1;679.9;0;679.9;679.9;0.0;679.9;495.0;184.9;0.272;37.62;2;
49;27;2026-02-19;2026-02;23;Matheus Silva;RJ;Rio de Janeiro;21;ENTREGUE;Indicação;Pix;11;SSD NVMe 500GB;Armazenamento;FastHardware;2;329.9;0;329.9;659.8;0.0;659.8;410.0;249.8;0.3786;37.62;2;
50;28;2026-05-15;2026-05;1;Nicolas Souza;SP;Mirassol;18;ENTREGUE;Site;Pix;3;Headset Gamer P2;Periféricos;FastHardware;1;159.9;0;159.9;159.9;0.0;159.9;84.0;75.9;0.4747;19.79;4;
51;29;2026-05-29;2026-05;11;Felipe Martins;RJ;Rio de Janeiro;42;ENTREGUE;WhatsApp;Pix;18;Cooler para Processador;Componentes;Mega Componentes;1;99.9;0.05;94.91;99.9;4.99;94.91;46.0;48.91;0.5153;12;5;
52;30;2026-02-14;2026-02;43;Caio Souza;SP;Mirassol;22;ENTREGUE;Site;Pix;13;Memória RAM 8GB DDR4;Componentes;Mega Componentes;1;179.9;0.03;174.5;179.9;5.4;174.5;107.0;67.5;0.3868;34.17;3;
53;31;2026-06-04;2026-06;20;Henrique Silva;SP;Ribeirão Preto;21;ENTREGUE;Site;Pix;7;Adaptador USB-C HDMI;Acessórios;Prime Eletrônicos;1;119.9;0;119.9;119.9;0.0;119.9;58.0;61.9;0.5163;31.07;4;
54;32;2026-01-25;2026-01;48;Caio Rodrigues;SP;Ribeirão Preto;36;PENDENTE;Site;Cartão crédito;2;Teclado Membrana ABNT2;Periféricos;TechDistribuidora Brasil;1;89.9;0;89.9;89.9;0.0;89.9;48.0;41.9;0.4661;40.49;;
55;33;2026-04-13;2026-04;48;Caio Rodrigues;SP;Ribeirão Preto;36;ENTREGUE;Indicação;Cartão crédito;1;Mouse Óptico USB;Periféricos;TechDistribuidora Brasil;1;49.9;0;49.9;49.9;0.0;49.9;25.0;24.9;0.499;16.92;3;
56;34;2026-03-20;2026-03;21;Henrique Pereira;RJ;Rio de Janeiro;52;PENDENTE;Instagram;Pix;28;Repetidor Wi-Fi;Rede;Connect Rede;1;139.9;0;139.9;139.9;0.0;139.9;69.0;70.9;0.5068;23.0;;
57;35;2026-05-06;2026-05;56;Olívia Lima;SC;Florianópolis;53;EM PROCESSAMENTO;Site;Cartão crédito;6;Cabo HDMI 2m;Acessórios;Prime Eletrônicos;1;29.9;0.03;29.0;29.9;0.9;29.0;10.0;19.0;0.6552;42.63;;
58;36;2026-06-01;2026-06;23;Matheus Silva;RJ;Rio de Janeiro;21;ENTREGUE;Site;Pix;28;Repetidor Wi-Fi;Rede;Connect Rede;1;139.9;0.05;132.91;139.9;6.99;132.91;69.0;63.91;0.4809;39.98;5;
59;37;2026-02-09;2026-02;50;Rodrigo Lima;MG;Uberlândia;47;EM PROCESSAMENTO;Marketplace;Pix;8;Suporte Articulado para Monitor;Acessórios;OfficeTech Supply;5;149.9;0;149.9;749.5;0.0;749.5;365.0;384.5;0.513;12;;
60;37;2026-02-09;2026-02;50;Rodrigo Lima;MG;Uberlândia;47;EM PROCESSAMENTO;Marketplace;Pix;11;SSD NVMe 500GB;Armazenamento;FastHardware;1;329.9;0;329.9;329.9;0.0;329.9;205.0;124.9;0.3786;12;;
61;38;2026-03-03;2026-03;51;Sofia Martins;PR;Curitiba;23;ENTREGUE;Site;Cartão débito;1;Mouse Óptico USB;Periféricos;TechDistribuidora Brasil;1;49.9;0.08;45.91;49.9;3.99;45.91;25.0;20.91;0.4555;12;4;
62;39;2026-02-18;2026-02;40;Samuel Araujo;GO;Goiânia;33;ENTREGUE;Site;Pix;7;Adaptador USB-C HDMI;Acessórios;Prime Eletrônicos;2;119.9;0.03;116.3;239.8;7.2;232.6;116.0;116.6;0.5013;33.32;7;
63;39;2026-02-18;2026-02;40;Samuel Araujo;GO;Goiânia;33;ENTREGUE;Site;Pix;12;HD Externo 1TB;Armazenamento;InfoMax Atacado;3;369.9;0;369.9;1109.7;0.0;1109.7;738.0;371.7;0.335;33.32;7;
64;40;2026-02-27;2026-02;54;Eduarda Gomes;RJ;Rio de Janeiro;45;ENTREGUE;Site;Cartão crédito;17;Processador Ryzen 5;Componentes;FastHardware;1;799.9;0;799.9;799.9;0.0;799.9;612.0;187.9;0.2349;22.84;5;
65;41;2026-06-04;2026-06;19;Sofia Nascimento;SP;Catanduva;32;ENVIADO;Site;Pix;20;"Monitor IPS 24""";Monitores;Brasil Monitores;1;899.9;0;899.9;899.9;0.0;899.9;665.0;234.9;0.261;45.95;1;
66;42;2026-05-14;2026-05;55;Henrique Araujo;GO;Anápolis;26;ENTREGUE;Site;Cartão crédito;27;Placa de Rede PCIe;Rede;Connect Rede;1;79.9;0.03;77.5;79.9;2.4;77.5;37.0;40.5;0.5226;23.4;1;
67;42;2026-05-14;2026-05;55;Henrique Araujo;GO;Anápolis;26;ENTREGUE;Site;Cartão crédito;6;Cabo HDMI 2m;Acessórios;Prime Eletrônicos;4;29.9;0;29.9;119.6;0.0;119.6;40.0;79.6;0.6656;23.4;1;
68;43;2026-05-12;2026-05;51;Sofia Martins;PR;Curitiba;23;ENTREGUE;Marketplace;Pix;2;Teclado Membrana ABNT2;Periféricos;TechDistribuidora Brasil;1;89.9;0.03;87.2;89.9;2.7;87.2;48.0;39.2;0.4495;59.58;9;
69;44;2026-06-03;2026-06;20;Henrique Silva;SP;Ribeirão Preto;21;PENDENTE;WhatsApp;Pix;4;Webcam Full HD;Periféricos;Prime Eletrônicos;1;199.9;0;199.9;199.9;0.0;199.9;112.0;87.9;0.4397;31.49;;
70;45;2026-03-18;2026-03;7;Thiago Gomes;RJ;Rio de Janeiro;61;ENTREGUE;Indicação;Pix;10;SSD 480GB SATA;Armazenamento;Mega Componentes;1;259.9;0.05;246.9;259.9;13.0;246.9;158.0;88.9;0.3601;19.07;3;
71;45;2026-03-18;2026-03;7;Thiago Gomes;RJ;Rio de Janeiro;61;ENTREGUE;Indicação;Pix;18;Cooler para Processador;Componentes;Mega Componentes;1;99.9;0.1;89.91;99.9;9.99;89.91;46.0;43.91;0.4884;19.07;3;
72;46;2026-04-20;2026-04;3;Matheus Almeida;SP;Votuporanga;23;ENTREGUE;WhatsApp;Cartão crédito;15;Fonte 500W 80 Plus;Componentes;FastHardware;1;289.9;0;289.9;289.9;0.0;289.9;182.0;107.9;0.3722;27.3;8;
73;47;2026-06-02;2026-06;31;Tatiane Lima;SP;Mirassol;31;ENTREGUE;WhatsApp;Pix;4;Webcam Full HD;Periféricos;Prime Eletrônicos;1;199.9;0.08;183.91;199.9;15.99;183.91;112.0;71.91;0.391;25.26;5;
74;47;2026-06-02;2026-06;31;Tatiane Lima;SP;Mirassol;31;ENTREGUE;WhatsApp;Pix;15;Fonte 500W 80 Plus;Componentes;FastHardware;1;289.9;0;289.9;289.9;0.0;289.9;182.0;107.9;0.3722;25.26;5;
75;47;2026-06-02;2026-06;31;Tatiane Lima;SP;Mirassol;31;ENTREGUE;WhatsApp;Pix;11;SSD NVMe 500GB;Armazenamento;FastHardware;1;329.9;0.1;296.91;329.9;32.99;296.91;205.0;91.91;0.3096;25.26;5;
76;48;2026-05-17;2026-05;34;Vitor Martins;RJ;Rio de Janeiro;60;ENTREGUE;Marketplace;Pix;5;Mousepad Grande;Acessórios;Prime Eletrônicos;1;39.9;0;39.9;39.9;0.0;39.9;17.0;22.9;0.5739;34.49;7;
77;48;2026-05-17;2026-05;34;Vitor Martins;RJ;Rio de Janeiro;60;ENTREGUE;Marketplace;Pix;19;"Monitor LED 21.5""";Monitores;Brasil Monitores;1;679.9;0;679.9;679.9;0.0;679.9;495.0;184.9;0.272;34.49;7;
78;48;2026-05-17;2026-05;34;Vitor Martins;RJ;Rio de Janeiro;60;ENTREGUE;Marketplace;Pix;27;Placa de Rede PCIe;Rede;Connect Rede;3;79.9;0;79.9;239.7;0.0;239.7;111.0;128.7;0.5369;34.49;7;
79;49;2026-06-01;2026-06;60;Mariana Araujo;PR;Curitiba;19;PENDENTE;Site;Cartão crédito;17;Processador Ryzen 5;Componentes;FastHardware;2;799.9;0.05;759.9;1599.8;80.0;1519.8;1224.0;295.8;0.1946;60.2;;
80;50;2026-05-28;2026-05;40;Samuel Araujo;GO;Goiânia;33;ENTREGUE;Indicação;Cartão crédito;2;Teclado Membrana ABNT2;Periféricos;TechDistribuidora Brasil;1;89.9;0;89.9;89.9;0.0;89.9;48.0;41.9;0.4661;38.92;1;
81;51;2026-01-30;2026-01;4;Letícia Santos;SP;Catanduva;36;ENTREGUE;Site;Cartão crédito;14;Memória RAM 16GB DDR4;Componentes;Mega Componentes;1;319.9;0.03;310.3;319.9;9.6;310.3;198.0;112.3;0.3619;25.67;6;
82;52;2026-04-04;2026-04;19;Sofia Nascimento;SP;Catanduva;32;ENTREGUE;Site;Boleto;13;Memória RAM 8GB DDR4;Componentes;Mega Componentes;1;179.9;0.03;174.5;179.9;5.4;174.5;107.0;67.5;0.3868;18.91;4;
83;53;2026-01-17;2026-01;33;Isabela Oliveira;BA;Salvador;33;ENTREGUE;Site;Pix;7;Adaptador USB-C HDMI;Acessórios;Prime Eletrônicos;3;119.9;0.03;116.3;359.7;10.8;348.9;174.0;174.9;0.5013;27.28;8;
84;53;2026-01-17;2026-01;33;Isabela Oliveira;BA;Salvador;33;ENTREGUE;Site;Pix;8;Suporte Articulado para Monitor;Acessórios;OfficeTech Supply;3;149.9;0.05;142.41;449.7;22.47;427.23;219.0;208.23;0.4874;27.28;8;
85;54;2026-06-01;2026-06;3;Matheus Almeida;SP;Votuporanga;23;ENTREGUE;Indicação;Cartão crédito;6;Cabo HDMI 2m;Acessórios;Prime Eletrônicos;1;29.9;0;29.9;29.9;0.0;29.9;10.0;19.9;0.6656;34.33;2;
86;55;2026-03-27;2026-03;30;Renan Souza;SP;São Paulo;33;ENTREGUE;Marketplace;Cartão crédito;4;Webcam Full HD;Periféricos;Prime Eletrônicos;2;199.9;0;199.9;399.8;0.0;399.8;224.0;175.8;0.4397;12;4;
87;56;2026-02-11;2026-02;42;Diego Rodrigues;GO;Anápolis;32;PENDENTE;Indicação;Pix;6;Cabo HDMI 2m;Acessórios;Prime Eletrônicos;1;29.9;0;29.9;29.9;0.0;29.9;10.0;19.9;0.6656;42.26;;
88;57;2026-01-29;2026-01;48;Caio Rodrigues;SP;Ribeirão Preto;36;ENTREGUE;Site;Cartão crédito;28;Repetidor Wi-Fi;Rede;Connect Rede;1;139.9;0;139.9;139.9;0.0;139.9;69.0;70.9;0.5068;27.57;3;
89;58;2026-04-01;2026-04;28;Gabriela Silva;MG;Belo Horizonte;21;ENTREGUE;Instagram;Cartão crédito;25;Roteador Wi-Fi AC1200;Rede;Connect Rede;1;249.9;0;249.9;249.9;0.0;249.9;145.0;104.9;0.4198;25.86;7;
90;58;2026-04-01;2026-04;28;Gabriela Silva;MG;Belo Horizonte;21;ENTREGUE;Instagram;Cartão crédito;10;SSD 480GB SATA;Armazenamento;Mega Componentes;1;259.9;0.08;239.11;259.9;20.79;239.11;158.0;81.11;0.3392;25.86;7;
91;59;2026-03-08;2026-03;28;Gabriela Silva;MG;Belo Horizonte;21;ENTREGUE;Site;Cartão débito;28;Repetidor Wi-Fi;Rede;Connect Rede;1;139.9;0.1;125.91;139.9;13.99;125.91;69.0;56.91;0.452;23.98;3;
92;60;2026-03-02;2026-03;39;Eduarda Silva;SP;São José do Rio Preto;40;ENVIADO;Site;Pix;8;Suporte Articulado para Monitor;Acessórios;OfficeTech Supply;1;149.9;0;149.9;149.9;0.0;149.9;73.0;76.9;0.513;35.17;2;
93;60;2026-03-02;2026-03;39;Eduarda Silva;SP;São José do Rio Preto;40;ENVIADO;Site;Pix;2;Teclado Membrana ABNT2;Periféricos;TechDistribuidora Brasil;1;89.9;0;89.9;89.9;0.0;89.9;48.0;41.9;0.4661;35.17;2;
94;61;2026-05-23;2026-05;24;Gabriela Nascimento;SP;Votuporanga;29;ENVIADO;Site;Cartão crédito;14;Memória RAM 16GB DDR4;Componentes;Mega Componentes;1;319.9;0;319.9;319.9;0.0;319.9;198.0;121.9;0.3811;30.63;1;
95;62;2026-02-15;2026-02;29;Thiago Carvalho;SP;São José do Rio Preto;50;ENTREGUE;Marketplace;Pix;13;Memória RAM 8GB DDR4;Componentes;Mega Componentes;1;179.9;0.05;170.91;179.9;8.99;170.91;107.0;63.91;0.3739;34.16;6;
96;63;2026-03-09;2026-03;52;Henrique Gomes;SP;Catanduva;27;CANCELADO;WhatsApp;Cartão crédito;26;Switch 8 Portas Gigabit;Rede;Connect Rede;2;189.9;0;189.9;379.8;0.0;0;206.0;0;0;51.69;;Falha na aprovação do pedido
97;63;2026-03-09;2026-03;52;Henrique Gomes;SP;Catanduva;27;CANCELADO;WhatsApp;Cartão crédito;6;Cabo HDMI 2m;Acessórios;Prime Eletrônicos;1;29.9;0;29.9;29.9;0.0;0;10.0;0;0;51.69;;Falha na aprovação do pedido
98;64;2026-04-20;2026-04;51;Sofia Martins;PR;Curitiba;23;CANCELADO;WhatsApp;Cartão crédito;25;Roteador Wi-Fi AC1200;Rede;Connect Rede;3;249.9;0;249.9;749.7;0.0;0;435.0;0;0;15.98;;Erro de endereço
99;65;2026-06-03;2026-06;5;Olívia Gomes;GO;Goiânia;41;ENTREGUE;WhatsApp;Pix;30;No-break 600VA;Office;OfficeTech Supply;3;429.9;0.03;417.0;1289.7;38.7;1251.0;894.0;357.0;0.2854;34.91;1;
100;66;2026-05-23;2026-05;44;Larissa Nascimento;SP;São José do Rio Preto;25;ENTREGUE;Instagram;Cartão débito;2;Teclado Membrana ABNT2;Periféricos;TechDistribuidora Brasil;2;89.9;0.03;87.2;179.8;5.4;174.4;96.0;78.4;0.4495;42.59;6;
101;66;2026-05-23;2026-05;44;Larissa Nascimento;SP;São José do Rio Preto;25;ENTREGUE;Instagram;Cartão débito;26;Switch 8 Portas Gigabit;Rede;Connect Rede;1;189.9;0;189.9;189.9;0.0;189.9;103.0;86.9;0.4576;42.59;6;
102;67;2026-05-24;2026-05;15;Beatriz Araujo;SP;São José do Rio Preto;56;CANCELADO;Indicação;Pix;28;Repetidor Wi-Fi;Rede;Connect Rede;1;139.9;0.03;135.7;139.9;4.2;0;69.0;0;0;31.93;;Produto indisponível
103;68;2026-02-05;2026-02;42;Diego Rodrigues;GO;Anápolis;32;EM PROCESSAMENTO;WhatsApp;Cartão crédito;28;Repetidor Wi-Fi;Rede;Connect Rede;1;139.9;0.08;128.71;139.9;11.19;128.71;69.0;59.71;0.4639;50.46;;
104;69;2026-06-03;2026-06;53;Carla Almeida;SP;Ribeirão Preto;54;ENTREGUE;WhatsApp;Cartão crédito;2;Teclado Membrana ABNT2;Periféricos;TechDistribuidora Brasil;1;89.9;0;89.9;89.9;0.0;89.9;48.0;41.9;0.4661;58.77;5;
105;69;2026-06-03;2026-06;53;Carla Almeida;SP;Ribeirão Preto;54;ENTREGUE;WhatsApp;Cartão crédito;28;Repetidor Wi-Fi;Rede;Connect Rede;1;139.9;0.08;128.71;139.9;11.19;128.71;69.0;59.71;0.4639;58.77;5;
106;69;2026-06-03;2026-06;53;Carla Almeida;SP;Ribeirão Preto;54;ENTREGUE;WhatsApp;Cartão crédito;20;"Monitor IPS 24""";Monitores;Brasil Monitores;1;899.9;0;899.9;899.9;0.0;899.9;665.0;234.9;0.261;58.77;5;
107;70;2026-01-19;2026-01;11;Felipe Martins;RJ;Rio de Janeiro;42;ENTREGUE;WhatsApp;Cartão crédito;8;Suporte Articulado para Monitor;Acessórios;OfficeTech Supply;4;149.9;0.12;131.91;599.6;71.96;527.64;292.0;235.64;0.4466;24.07;7;
108;71;2026-04-27;2026-04;24;Gabriela Nascimento;SP;Votuporanga;29;ENVIADO;Site;Cartão débito;2;Teclado Membrana ABNT2;Periféricos;TechDistribuidora Brasil;1;89.9;0.1;80.91;89.9;8.99;80.91;48.0;32.91;0.4067;61.78;4;
109;71;2026-04-27;2026-04;24;Gabriela Nascimento;SP;Votuporanga;29;ENVIADO;Site;Cartão débito;5;Mousepad Grande;Acessórios;Prime Eletrônicos;4;39.9;0.08;36.71;159.6;12.76;146.84;68.0;78.84;0.5369;61.78;4;
110;72;2026-04-06;2026-04;47;Nicolas Santos;MS;Três Lagoas;57;CANCELADO;WhatsApp;Pix;19;"Monitor LED 21.5""";Monitores;Brasil Monitores;1;679.9;0;679.9;679.9;0.0;0;495.0;0;0;20.83;;Falta de estoque
111;73;2026-05-31;2026-05;38;Diego Santos;MS;Campo Grande;52;ENVIADO;Marketplace;Cartão crédito;1;Mouse Óptico USB;Periféricos;TechDistribuidora Brasil;2;49.9;0;49.9;99.8;0.0;99.8;50.0;49.8;0.499;32.09;1;
112;74;2026-04-07;2026-04;47;Nicolas Santos;MS;Três Lagoas;57;ENTREGUE;Site;Pix;7;Adaptador USB-C HDMI;Acessórios;Prime Eletrônicos;1;119.9;0;119.9;119.9;0.0;119.9;58.0;61.9;0.5163;19.91;3;
113;75;2026-05-16;2026-05;53;Carla Almeida;SP;Ribeirão Preto;54;ENTREGUE;Site;Pix;15;Fonte 500W 80 Plus;Componentes;FastHardware;1;289.9;0;289.9;289.9;0.0;289.9;182.0;107.9;0.3722;27.33;2;
114;75;2026-05-16;2026-05;53;Carla Almeida;SP;Ribeirão Preto;54;ENTREGUE;Site;Pix;2;Teclado Membrana ABNT2;Periféricos;TechDistribuidora Brasil;1;89.9;0;89.9;89.9;0.0;89.9;48.0;41.9;0.4661;27.33;2;
115;75;2026-05-16;2026-05;53;Carla Almeida;SP;Ribeirão Preto;54;ENTREGUE;Site;Pix;28;Repetidor Wi-Fi;Rede;Connect Rede;1;139.9;0.03;135.7;139.9;4.2;135.7;69.0;66.7;0.4915;27.33;2;
116;75;2026-05-16;2026-05;53;Carla Almeida;SP;Ribeirão Preto;54;ENTREGUE;Site;Pix;7;Adaptador USB-C HDMI;Acessórios;Prime Eletrônicos;1;119.9;0.03;116.3;119.9;3.6;116.3;58.0;58.3;0.5013;27.33;2;
117;76;2026-04-25;2026-04;40;Samuel Araujo;GO;Goiânia;33;ENVIADO;Instagram;Pix;5;Mousepad Grande;Acessórios;Prime Eletrônicos;2;39.9;0.12;35.11;79.8;9.58;70.22;34.0;36.22;0.5158;31.12;1;
118;76;2026-04-25;2026-04;40;Samuel Araujo;GO;Goiânia;33;ENVIADO;Instagram;Pix;6;Cabo HDMI 2m;Acessórios;Prime Eletrônicos;2;29.9;0.05;28.4;59.8;3.0;56.8;20.0;36.8;0.6479;31.12;1;
119;77;2026-02-11;2026-02;45;Nicolas Costa;PR;Maringá;45;ENTREGUE;WhatsApp;Cartão crédito;12;HD Externo 1TB;Armazenamento;InfoMax Atacado;1;369.9;0.05;351.4;369.9;18.5;351.4;246.0;105.4;0.2999;54.75;5;
120;77;2026-02-11;2026-02;45;Nicolas Costa;PR;Maringá;45;ENTREGUE;WhatsApp;Cartão crédito;5;Mousepad Grande;Acessórios;Prime Eletrônicos;3;39.9;0;39.9;119.7;0.0;119.7;51.0;68.7;0.5739;54.75;5;
121;78;2026-05-12;2026-05;16;Larissa Martins;SP;São José do Rio Preto;33;ENTREGUE;Site;Cartão crédito;28;Repetidor Wi-Fi;Rede;Connect Rede;1;139.9;0.05;132.91;139.9;6.99;132.91;69.0;63.91;0.4809;36.18;4;
122;79;2026-06-05;2026-06;56;Olívia Lima;SC;Florianópolis;53;ENTREGUE;Site;Cartão crédito;18;Cooler para Processador;Componentes;Mega Componentes;1;99.9;0.05;94.91;99.9;4.99;94.91;46.0;48.91;0.5153;38.86;7;
123;79;2026-06-05;2026-06;56;Olívia Lima;SC;Florianópolis;53;ENTREGUE;Site;Cartão crédito;17;Processador Ryzen 5;Componentes;FastHardware;2;799.9;0.05;759.9;1599.8;80.0;1519.8;1224.0;295.8;0.1946;38.86;7;
124;79;2026-06-05;2026-06;56;Olívia Lima;SC;Florianópolis;53;ENTREGUE;Site;Cartão crédito;9;SSD 240GB SATA;Armazenamento;Mega Componentes;2;169.9;0;169.9;339.8;0.0;339.8;196.0;143.8;0.4232;38.86;7;
125;80;2026-05-10;2026-05;16;Larissa Martins;SP;São José do Rio Preto;33;ENTREGUE;Marketplace;Cartão crédito;5;Mousepad Grande;Acessórios;Prime Eletrônicos;2;39.9;0;39.9;79.8;0.0;79.8;34.0;45.8;0.5739;28.12;5;
126;81;2026-03-09;2026-03;60;Mariana Araujo;PR;Curitiba;19;ENTREGUE;Marketplace;Pix;5;Mousepad Grande;Acessórios;Prime Eletrônicos;3;39.9;0;39.9;119.7;0.0;119.7;51.0;68.7;0.5739;12;5;
127;81;2026-03-09;2026-03;60;Mariana Araujo;PR;Curitiba;19;ENTREGUE;Marketplace;Pix;2;Teclado Membrana ABNT2;Periféricos;TechDistribuidora Brasil;1;89.9;0;89.9;89.9;0.0;89.9;48.0;41.9;0.4661;12;5;
128;81;2026-03-09;2026-03;60;Mariana Araujo;PR;Curitiba;19;ENTREGUE;Marketplace;Pix;15;Fonte 500W 80 Plus;Componentes;FastHardware;1;289.9;0;289.9;289.9;0.0;289.9;182.0;107.9;0.3722;12;5;
129;82;2026-05-02;2026-05;60;Mariana Araujo;PR;Curitiba;19;ENTREGUE;Site;Pix;5;Mousepad Grande;Acessórios;Prime Eletrônicos;1;39.9;0;39.9;39.9;0.0;39.9;17.0;22.9;0.5739;21.86;6;
130;82;2026-05-02;2026-05;60;Mariana Araujo;PR;Curitiba;19;ENTREGUE;Site;Pix;2;Teclado Membrana ABNT2;Periféricos;TechDistribuidora Brasil;1;89.9;0.05;85.41;89.9;4.49;85.41;48.0;37.41;0.438;21.86;6;
131;83;2026-05-27;2026-05;36;Yasmin Carvalho;SP;Votuporanga;34;ENVIADO;Site;Pix;3;Headset Gamer P2;Periféricos;FastHardware;2;159.9;0.08;147.11;319.8;25.58;294.22;168.0;126.22;0.429;26.78;3;
132;83;2026-05-27;2026-05;36;Yasmin Carvalho;SP;Votuporanga;34;ENVIADO;Site;Pix;14;Memória RAM 16GB DDR4;Componentes;Mega Componentes;1;319.9;0.1;287.91;319.9;31.99;287.91;198.0;89.91;0.3123;26.78;3;
133;83;2026-05-27;2026-05;36;Yasmin Carvalho;SP;Votuporanga;34;ENVIADO;Site;Pix;27;Placa de Rede PCIe;Rede;Connect Rede;1;79.9;0.08;73.51;79.9;6.39;73.51;37.0;36.51;0.4967;26.78;3;
134;83;2026-05-27;2026-05;36;Yasmin Carvalho;SP;Votuporanga;34;ENVIADO;Site;Pix;8;Suporte Articulado para Monitor;Acessórios;OfficeTech Supply;4;149.9;0;149.9;599.6;0.0;599.6;292.0;307.6;0.513;26.78;3;
135;84;2026-06-05;2026-06;51;Sofia Martins;PR;Curitiba;23;ENTREGUE;Site;Boleto;28;Repetidor Wi-Fi;Rede;Connect Rede;1;139.9;0.12;123.11;139.9;16.79;123.11;69.0;54.11;0.4395;13.23;4;
136;84;2026-06-05;2026-06;51;Sofia Martins;PR;Curitiba;23;ENTREGUE;Site;Boleto;27;Placa de Rede PCIe;Rede;Connect Rede;1;79.9;0;79.9;79.9;0.0;79.9;37.0;42.9;0.5369;13.23;4;
137;85;2026-02-21;2026-02;55;Henrique Araujo;GO;Anápolis;26;CANCELADO;WhatsApp;Pix;5;Mousepad Grande;Acessórios;Prime Eletrônicos;3;39.9;0.05;37.9;119.7;6.0;0;51.0;0;0;29.43;;Falha na aprovação do pedido
138;85;2026-02-21;2026-02;55;Henrique Araujo;GO;Anápolis;26;CANCELADO;WhatsApp;Pix;25;Roteador Wi-Fi AC1200;Rede;Connect Rede;1;249.9;0.05;237.41;249.9;12.49;0;145.0;0;0;29.43;;Falha na aprovação do pedido
139;86;2026-05-14;2026-05;55;Henrique Araujo;GO;Anápolis;26;ENVIADO;Site;Boleto;7;Adaptador USB-C HDMI;Acessórios;Prime Eletrônicos;1;119.9;0;119.9;119.9;0.0;119.9;58.0;61.9;0.5163;46.71;2;
140;86;2026-05-14;2026-05;55;Henrique Araujo;GO;Anápolis;26;ENVIADO;Site;Boleto;6;Cabo HDMI 2m;Acessórios;Prime Eletrônicos;1;29.9;0;29.9;29.9;0.0;29.9;10.0;19.9;0.6656;46.71;2;
141;87;2026-01-25;2026-01;38;Diego Santos;MS;Campo Grande;52;ENTREGUE;Site;Cartão crédito;1;Mouse Óptico USB;Periféricos;TechDistribuidora Brasil;2;49.9;0.05;47.4;99.8;5.0;94.8;50.0;44.8;0.4726;27.37;6;
142;87;2026-01-25;2026-01;38;Diego Santos;MS;Campo Grande;52;ENTREGUE;Site;Cartão crédito;14;Memória RAM 16GB DDR4;Componentes;Mega Componentes;1;319.9;0;319.9;319.9;0.0;319.9;198.0;121.9;0.3811;27.37;6;
143;88;2026-04-23;2026-04;19;Sofia Nascimento;SP;Catanduva;32;ENTREGUE;WhatsApp;Pix;4;Webcam Full HD;Periféricos;Prime Eletrônicos;2;199.9;0.1;179.91;399.8;39.98;359.82;224.0;135.82;0.3775;12;6;
144;89;2026-05-21;2026-05;52;Henrique Gomes;SP;Catanduva;27;ENTREGUE;Site;Pix;4;Webcam Full HD;Periféricos;Prime Eletrônicos;1;199.9;0;199.9;199.9;0.0;199.9;112.0;87.9;0.4397;12.85;6;
145;89;2026-05-21;2026-05;52;Henrique Gomes;SP;Catanduva;27;ENTREGUE;Site;Pix;5;Mousepad Grande;Acessórios;Prime Eletrônicos;2;39.9;0.03;38.7;79.8;2.4;77.4;34.0;43.4;0.5607;12.85;6;
146;90;2026-02-19;2026-02;10;Tatiane Rodrigues;SP;Catanduva;50;ENTREGUE;Instagram;Cartão débito;26;Switch 8 Portas Gigabit;Rede;Connect Rede;1;189.9;0;189.9;189.9;0.0;189.9;103.0;86.9;0.4576;28.89;2;
147;91;2026-01-14;2026-01;27;Rodrigo Almeida;SP;Ribeirão Preto;64;ENVIADO;Indicação;Cartão débito;1;Mouse Óptico USB;Periféricos;TechDistribuidora Brasil;2;49.9;0.03;48.4;99.8;3.0;96.8;50.0;46.8;0.4835;29.82;1;
148;92;2026-03-07;2026-03;23;Matheus Silva;RJ;Rio de Janeiro;21;PENDENTE;WhatsApp;Pix;10;SSD 480GB SATA;Armazenamento;Mega Componentes;1;259.9;0.05;246.9;259.9;13.0;246.9;158.0;88.9;0.3601;30.11;;
149;92;2026-03-07;2026-03;23;Matheus Silva;RJ;Rio de Janeiro;21;PENDENTE;WhatsApp;Pix;1;Mouse Óptico USB;Periféricos;TechDistribuidora Brasil;3;49.9;0;49.9;149.7;0.0;149.7;75.0;74.7;0.499;30.11;;
150;93;2026-02-15;2026-02;29;Thiago Carvalho;SP;São José do Rio Preto;50;ENTREGUE;Site;Cartão crédito;27;Placa de Rede PCIe;Rede;Connect Rede;2;79.9;0;79.9;159.8;0.0;159.8;74.0;85.8;0.5369;39.97;6;
151;93;2026-02-15;2026-02;29;Thiago Carvalho;SP;São José do Rio Preto;50;ENTREGUE;Site;Cartão crédito;6;Cabo HDMI 2m;Acessórios;Prime Eletrônicos;1;29.9;0;29.9;29.9;0.0;29.9;10.0;19.9;0.6656;39.97;6;
152;93;2026-02-15;2026-02;29;Thiago Carvalho;SP;São José do Rio Preto;50;ENTREGUE;Site;Cartão crédito;15;Fonte 500W 80 Plus;Componentes;FastHardware;1;289.9;0.05;275.4;289.9;14.5;275.4;182.0;93.4;0.3391;39.97;6;
153;94;2026-06-02;2026-06;35;Sofia Santos;PR;Londrina;35;ENTREGUE;Site;Cartão crédito;5;Mousepad Grande;Acessórios;Prime Eletrônicos;1;39.9;0.05;37.9;39.9;2.0;37.9;17.0;20.9;0.5515;46.54;6;
154;95;2026-01-09;2026-01;60;Mariana Araujo;PR;Curitiba;19;ENTREGUE;Site;Pix;1;Mouse Óptico USB;Periféricos;TechDistribuidora Brasil;1;49.9;0.08;45.91;49.9;3.99;45.91;25.0;20.91;0.4555;56.57;4;
155;95;2026-01-09;2026-01;60;Mariana Araujo;PR;Curitiba;19;ENTREGUE;Site;Pix;4;Webcam Full HD;Periféricos;Prime Eletrônicos;1;199.9;0.03;193.9;199.9;6.0;193.9;112.0;81.9;0.4224;56.57;4;
156;95;2026-01-09;2026-01;60;Mariana Araujo;PR;Curitiba;19;ENTREGUE;Site;Pix;2;Teclado Membrana ABNT2;Periféricos;TechDistribuidora Brasil;1;89.9;0.08;82.71;89.9;7.19;82.71;48.0;34.71;0.4197;56.57;4;
157;96;2026-05-04;2026-05;21;Henrique Pereira;RJ;Rio de Janeiro;52;ENTREGUE;Marketplace;Pix;20;"Monitor IPS 24""";Monitores;Brasil Monitores;1;899.9;0.03;872.9;899.9;27.0;872.9;665.0;207.9;0.2382;18.83;2;
158;96;2026-05-04;2026-05;21;Henrique Pereira;RJ;Rio de Janeiro;52;ENTREGUE;Marketplace;Pix;25;Roteador Wi-Fi AC1200;Rede;Connect Rede;2;249.9;0;249.9;499.8;0.0;499.8;290.0;209.8;0.4198;18.83;2;
159;97;2026-05-25;2026-05;36;Yasmin Carvalho;SP;Votuporanga;34;ENTREGUE;Site;Pix;28;Repetidor Wi-Fi;Rede;Connect Rede;2;139.9;0;139.9;279.8;0.0;279.8;138.0;141.8;0.5068;30.21;4;
160;97;2026-05-25;2026-05;36;Yasmin Carvalho;SP;Votuporanga;34;ENTREGUE;Site;Pix;15;Fonte 500W 80 Plus;Componentes;FastHardware;2;289.9;0;289.9;579.8;0.0;579.8;364.0;215.8;0.3722;30.21;4;
161;98;2026-06-02;2026-06;52;Henrique Gomes;SP;Catanduva;27;ENTREGUE;Site;Pix;1;Mouse Óptico USB;Periféricos;TechDistribuidora Brasil;1;49.9;0;49.9;49.9;0.0;49.9;25.0;24.9;0.499;35.71;3;
162;99;2026-06-02;2026-06;24;Gabriela Nascimento;SP;Votuporanga;29;ENVIADO;Site;Cartão débito;18;Cooler para Processador;Componentes;Mega Componentes;1;99.9;0.05;94.91;99.9;4.99;94.91;46.0;48.91;0.5153;29.58;1;
163;100;2026-06-03;2026-06;36;Yasmin Carvalho;SP;Votuporanga;34;ENTREGUE;Site;Pix;4;Webcam Full HD;Periféricos;Prime Eletrônicos;2;199.9;0.05;189.91;399.8;19.98;379.82;224.0;155.82;0.4102;16.32;6;
164;101;2026-05-08;2026-05;59;Letícia Souza;SP;Votuporanga;39;ENTREGUE;Marketplace;Cartão crédito;13;Memória RAM 8GB DDR4;Componentes;Mega Componentes;1;179.9;0;179.9;179.9;0.0;179.9;107.0;72.9;0.4052;27.15;1;
165;102;2026-05-22;2026-05;33;Isabela Oliveira;BA;Salvador;33;ENTREGUE;Site;Cartão crédito;8;Suporte Articulado para Monitor;Acessórios;OfficeTech Supply;1;149.9;0.03;145.4;149.9;4.5;145.4;73.0;72.4;0.4979;24.78;8;
166;102;2026-05-22;2026-05;33;Isabela Oliveira;BA;Salvador;33;ENTREGUE;Site;Cartão crédito;25;Roteador Wi-Fi AC1200;Rede;Connect Rede;1;249.9;0.05;237.41;249.9;12.49;237.41;145.0;92.41;0.3892;24.78;8;
167;102;2026-05-22;2026-05;33;Isabela Oliveira;BA;Salvador;33;ENTREGUE;Site;Cartão crédito;18;Cooler para Processador;Componentes;Mega Componentes;1;99.9;0;99.9;99.9;0.0;99.9;46.0;53.9;0.5395;24.78;8;
168;103;2026-05-31;2026-05;37;Karen Martins;SP;Mirassol;28;ENVIADO;WhatsApp;Cartão crédito;9;SSD 240GB SATA;Armazenamento;Mega Componentes;1;169.9;0.05;161.41;169.9;8.49;161.41;98.0;63.41;0.3929;39.36;1;
169;103;2026-05-31;2026-05;37;Karen Martins;SP;Mirassol;28;ENVIADO;WhatsApp;Cartão crédito;14;Memória RAM 16GB DDR4;Componentes;Mega Componentes;1;319.9;0.1;287.91;319.9;31.99;287.91;198.0;89.91;0.3123;39.36;1;
170;103;2026-05-31;2026-05;37;Karen Martins;SP;Mirassol;28;ENVIADO;WhatsApp;Cartão crédito;15;Fonte 500W 80 Plus;Componentes;FastHardware;1;289.9;0.03;281.2;289.9;8.7;281.2;182.0;99.2;0.3528;39.36;1;
171;104;2026-04-23;2026-04;3;Matheus Almeida;SP;Votuporanga;23;EM PROCESSAMENTO;Site;Pix;2;Teclado Membrana ABNT2;Periféricos;TechDistribuidora Brasil;1;89.9;0;89.9;89.9;0.0;89.9;48.0;41.9;0.4661;32.47;;
172;104;2026-04-23;2026-04;3;Matheus Almeida;SP;Votuporanga;23;EM PROCESSAMENTO;Site;Pix;25;Roteador Wi-Fi AC1200;Rede;Connect Rede;1;249.9;0.03;242.4;249.9;7.5;242.4;145.0;97.4;0.4018;32.47;;
173;104;2026-04-23;2026-04;3;Matheus Almeida;SP;Votuporanga;23;EM PROCESSAMENTO;Site;Pix;1;Mouse Óptico USB;Periféricos;TechDistribuidora Brasil;3;49.9;0.1;44.91;149.7;14.97;134.73;75.0;59.73;0.4433;32.47;;
174;105;2026-06-03;2026-06;2;Beatriz Costa;SP;Votuporanga;24;ENTREGUE;WhatsApp;Pix;10;SSD 480GB SATA;Armazenamento;Mega Componentes;2;259.9;0.05;246.9;519.8;26.0;493.8;316.0;177.8;0.3601;26.46;10;
175;106;2026-04-16;2026-04;59;Letícia Souza;SP;Votuporanga;39;ENTREGUE;Site;Pix;27;Placa de Rede PCIe;Rede;Connect Rede;2;79.9;0;79.9;159.8;0.0;159.8;74.0;85.8;0.5369;24.76;3;
176;107;2026-06-04;2026-06;30;Renan Souza;SP;São Paulo;33;CANCELADO;WhatsApp;Cartão crédito;29;Impressora Multifuncional;Office;OfficeTech Supply;1;699.9;0;699.9;699.9;0.0;0;498.0;0;0;45.8;;Falta de estoque
177;107;2026-06-04;2026-06;30;Renan Souza;SP;São Paulo;33;CANCELADO;WhatsApp;Cartão crédito;4;Webcam Full HD;Periféricos;Prime Eletrônicos;1;199.9;0.05;189.91;199.9;9.99;0;112.0;0;0;45.8;;Falta de estoque
178;108;2026-06-04;2026-06;55;Henrique Araujo;GO;Anápolis;26;PENDENTE;Indicação;Pix;25;Roteador Wi-Fi AC1200;Rede;Connect Rede;1;249.9;0;249.9;249.9;0.0;249.9;145.0;104.9;0.4198;14.93;;
179;109;2026-02-22;2026-02;56;Olívia Lima;SC;Florianópolis;53;ENVIADO;Site;Pix;11;SSD NVMe 500GB;Armazenamento;FastHardware;2;329.9;0;329.9;659.8;0.0;659.8;410.0;249.8;0.3786;13.65;2;
180;109;2026-02-22;2026-02;56;Olívia Lima;SC;Florianópolis;53;ENVIADO;Site;Pix;5;Mousepad Grande;Acessórios;Prime Eletrônicos;1;39.9;0;39.9;39.9;0.0;39.9;17.0;22.9;0.5739;13.65;2;
181;110;2026-05-14;2026-05;53;Carla Almeida;SP;Ribeirão Preto;54;ENTREGUE;Site;Cartão débito;2;Teclado Membrana ABNT2;Periféricos;TechDistribuidora Brasil;1;89.9;0.05;85.41;89.9;4.49;85.41;48.0;37.41;0.438;38.55;3;
182;111;2026-01-15;2026-01;45;Nicolas Costa;PR;Maringá;45;ENVIADO;Indicação;Boleto;9;SSD 240GB SATA;Armazenamento;Mega Componentes;1;169.9;0.05;161.41;169.9;8.49;161.41;98.0;63.41;0.3929;20.01;5;
183;111;2026-01-15;2026-01;45;Nicolas Costa;PR;Maringá;45;ENVIADO;Indicação;Boleto;28;Repetidor Wi-Fi;Rede;Connect Rede;1;139.9;0;139.9;139.9;0.0;139.9;69.0;70.9;0.5068;20.01;5;
184;112;2026-02-01;2026-02;32;Caio Gomes;SP;Mirassol;22;CANCELADO;Site;Pix;10;SSD 480GB SATA;Armazenamento;Mega Componentes;1;259.9;0;259.9;259.9;0.0;0;158.0;0;0;21.09;;Produto indisponível
185;113;2026-03-14;2026-03;25;Renan Carvalho;MG;Uberaba;59;ENTREGUE;Site;Pix;13;Memória RAM 8GB DDR4;Componentes;Mega Componentes;1;179.9;0;179.9;179.9;0.0;179.9;107.0;72.9;0.4052;25.47;4;
186;113;2026-03-14;2026-03;25;Renan Carvalho;MG;Uberaba;59;ENTREGUE;Site;Pix;18;Cooler para Processador;Componentes;Mega Componentes;1;99.9;0.03;96.9;99.9;3.0;96.9;46.0;50.9;0.5253;25.47;4;
187;114;2026-06-02;2026-06;2;Beatriz Costa;SP;Votuporanga;24;ENVIADO;Instagram;Cartão crédito;11;SSD NVMe 500GB;Armazenamento;FastHardware;2;329.9;0.05;313.4;659.8;33.0;626.8;410.0;216.8;0.3459;43.47;3;
188;115;2026-06-04;2026-06;16;Larissa Martins;SP;São José do Rio Preto;33;ENTREGUE;WhatsApp;Cartão crédito;3;Headset Gamer P2;Periféricos;FastHardware;1;159.9;0;159.9;159.9;0.0;159.9;84.0;75.9;0.4747;30.45;6;
189;115;2026-06-04;2026-06;16;Larissa Martins;SP;São José do Rio Preto;33;ENTREGUE;WhatsApp;Cartão crédito;6;Cabo HDMI 2m;Acessórios;Prime Eletrônicos;1;29.9;0;29.9;29.9;0.0;29.9;10.0;19.9;0.6656;30.45;6;
190;116;2026-05-26;2026-05;39;Eduarda Silva;SP;São José do Rio Preto;40;ENTREGUE;Indicação;Cartão crédito;8;Suporte Articulado para Monitor;Acessórios;OfficeTech Supply;1;149.9;0.08;137.91;149.9;11.99;137.91;73.0;64.91;0.4707;37.38;2;
191;116;2026-05-26;2026-05;39;Eduarda Silva;SP;São José do Rio Preto;40;ENTREGUE;Indicação;Cartão crédito;3;Headset Gamer P2;Periféricos;FastHardware;1;159.9;0.03;155.1;159.9;4.8;155.1;84.0;71.1;0.4584;37.38;2;
192;117;2026-02-11;2026-02;39;Eduarda Silva;SP;São José do Rio Preto;40;ENTREGUE;Site;Cartão crédito;4;Webcam Full HD;Periféricos;Prime Eletrônicos;1;199.9;0.03;193.9;199.9;6.0;193.9;112.0;81.9;0.4224;49.73;2;
193;117;2026-02-11;2026-02;39;Eduarda Silva;SP;São José do Rio Preto;40;ENTREGUE;Site;Cartão crédito;6;Cabo HDMI 2m;Acessórios;Prime Eletrônicos;2;29.9;0.03;29.0;59.8;1.8;58.0;20.0;38.0;0.6552;49.73;2;
194;117;2026-02-11;2026-02;39;Eduarda Silva;SP;São José do Rio Preto;40;ENTREGUE;Site;Cartão crédito;28;Repetidor Wi-Fi;Rede;Connect Rede;1;139.9;0.03;135.7;139.9;4.2;135.7;69.0;66.7;0.4915;49.73;2;
195;117;2026-02-11;2026-02;39;Eduarda Silva;SP;São José do Rio Preto;40;ENTREGUE;Site;Cartão crédito;5;Mousepad Grande;Acessórios;Prime Eletrônicos;5;39.9;0;39.9;199.5;0.0;199.5;85.0;114.5;0.5739;49.73;2;
196;118;2026-01-14;2026-01;29;Thiago Carvalho;SP;São José do Rio Preto;50;ENTREGUE;Site;Cartão crédito;26;Switch 8 Portas Gigabit;Rede;Connect Rede;1;189.9;0;189.9;189.9;0.0;189.9;103.0;86.9;0.4576;48.81;4;
197;118;2026-01-14;2026-01;29;Thiago Carvalho;SP;São José do Rio Preto;50;ENTREGUE;Site;Cartão crédito;1;Mouse Óptico USB;Periféricos;TechDistribuidora Brasil;1;49.9;0.03;48.4;49.9;1.5;48.4;25.0;23.4;0.4835;48.81;4;
198;118;2026-01-14;2026-01;29;Thiago Carvalho;SP;São José do Rio Preto;50;ENTREGUE;Site;Cartão crédito;25;Roteador Wi-Fi AC1200;Rede;Connect Rede;1;249.9;0.1;224.91;249.9;24.99;224.91;145.0;79.91;0.3553;48.81;4;
199;119;2026-06-03;2026-06;27;Rodrigo Almeida;SP;Ribeirão Preto;64;ENTREGUE;WhatsApp;Cartão crédito;25;Roteador Wi-Fi AC1200;Rede;Connect Rede;1;249.9;0.03;242.4;249.9;7.5;242.4;145.0;97.4;0.4018;39.52;7;
200;119;2026-06-03;2026-06;27;Rodrigo Almeida;SP;Ribeirão Preto;64;ENTREGUE;WhatsApp;Cartão crédito;6;Cabo HDMI 2m;Acessórios;Prime Eletrônicos;1;29.9;0.12;26.31;29.9;3.59;26.31;10.0;16.31;0.6199;39.52;7;
201;120;2026-01-27;2026-01;26;Pedro Almeida;SP;Votuporanga;21;ENTREGUE;Site;Cartão crédito;6;Cabo HDMI 2m;Acessórios;Prime Eletrônicos;2;29.9;0;29.9;59.8;0.0;59.8;20.0;39.8;0.6656;43.33;3;
202;120;2026-01-27;2026-01;26;Pedro Almeida;SP;Votuporanga;21;ENTREGUE;Site;Cartão crédito;25;Roteador Wi-Fi AC1200;Rede;Connect Rede;3;249.9;0;249.9;749.7;0.0;749.7;435.0;314.7;0.4198;43.33;3;
203;120;2026-01-27;2026-01;26;Pedro Almeida;SP;Votuporanga;21;ENTREGUE;Site;Cartão crédito;2;Teclado Membrana ABNT2;Periféricos;TechDistribuidora Brasil;1;89.9;0.1;80.91;89.9;8.99;80.91;48.0;32.91;0.4067;43.33;3;
204;120;2026-01-27;2026-01;26;Pedro Almeida;SP;Votuporanga;21;ENTREGUE;Site;Cartão crédito;4;Webcam Full HD;Periféricos;Prime Eletrônicos;1;199.9;0.08;183.91;199.9;15.99;183.91;112.0;71.91;0.391;43.33;3;
205;121;2026-06-05;2026-06;23;Matheus Silva;RJ;Rio de Janeiro;21;ENTREGUE;WhatsApp;Cartão crédito;8;Suporte Articulado para Monitor;Acessórios;OfficeTech Supply;1;149.9;0;149.9;149.9;0.0;149.9;73.0;76.9;0.513;42.31;2;
206;122;2026-01-23;2026-01;8;Mariana Pereira;SP;São Paulo;63;ENTREGUE;Indicação;Cartão crédito;6;Cabo HDMI 2m;Acessórios;Prime Eletrônicos;2;29.9;0;29.9;59.8;0.0;59.8;20.0;39.8;0.6656;34.08;7;
207;123;2026-06-05;2026-06;30;Renan Souza;SP;São Paulo;33;ENVIADO;WhatsApp;Cartão crédito;7;Adaptador USB-C HDMI;Acessórios;Prime Eletrônicos;1;119.9;0.03;116.3;119.9;3.6;116.3;58.0;58.3;0.5013;22.9;2;
208;124;2026-01-12;2026-01;46;Bruno Ribeiro;SP;São Paulo;52;ENTREGUE;Instagram;Cartão crédito;5;Mousepad Grande;Acessórios;Prime Eletrônicos;1;39.9;0;39.9;39.9;0.0;39.9;17.0;22.9;0.5739;33.31;1;
209;125;2026-01-21;2026-01;43;Caio Souza;SP;Mirassol;22;EM PROCESSAMENTO;Indicação;Cartão crédito;10;SSD 480GB SATA;Armazenamento;Mega Componentes;2;259.9;0.05;246.9;519.8;26.0;493.8;316.0;177.8;0.3601;21.11;;
210;125;2026-01-21;2026-01;43;Caio Souza;SP;Mirassol;22;EM PROCESSAMENTO;Indicação;Cartão crédito;14;Memória RAM 16GB DDR4;Componentes;Mega Componentes;1;319.9;0.03;310.3;319.9;9.6;310.3;198.0;112.3;0.3619;21.11;;
211;125;2026-01-21;2026-01;43;Caio Souza;SP;Mirassol;22;EM PROCESSAMENTO;Indicação;Cartão crédito;12;HD Externo 1TB;Armazenamento;InfoMax Atacado;1;369.9;0;369.9;369.9;0.0;369.9;246.0;123.9;0.335;21.11;;
212;126;2026-06-04;2026-06;20;Henrique Silva;SP;Ribeirão Preto;21;EM PROCESSAMENTO;Site;Cartão crédito;6;Cabo HDMI 2m;Acessórios;Prime Eletrônicos;2;29.9;0.03;29.0;59.8;1.8;58.0;20.0;38.0;0.6552;18.02;;
213;127;2026-02-13;2026-02;60;Mariana Araujo;PR;Curitiba;19;ENTREGUE;Site;Cartão crédito;11;SSD NVMe 500GB;Armazenamento;FastHardware;1;329.9;0.05;313.4;329.9;16.5;313.4;205.0;108.4;0.3459;22.32;7;
214;127;2026-02-13;2026-02;60;Mariana Araujo;PR;Curitiba;19;ENTREGUE;Site;Cartão crédito;9;SSD 240GB SATA;Armazenamento;Mega Componentes;1;169.9;0.08;156.31;169.9;13.59;156.31;98.0;58.31;0.373;22.32;7;
215;127;2026-02-13;2026-02;60;Mariana Araujo;PR;Curitiba;19;ENTREGUE;Site;Cartão crédito;3;Headset Gamer P2;Periféricos;FastHardware;1;159.9;0;159.9;159.9;0.0;159.9;84.0;75.9;0.4747;22.32;7;
216;127;2026-02-13;2026-02;60;Mariana Araujo;PR;Curitiba;19;ENTREGUE;Site;Cartão crédito;6;Cabo HDMI 2m;Acessórios;Prime Eletrônicos;1;29.9;0.05;28.4;29.9;1.5;28.4;10.0;18.4;0.6479;22.32;7;
217;128;2026-03-29;2026-03;18;Thiago Nascimento;PR;Curitiba;30;ENTREGUE;WhatsApp;Cartão crédito;5;Mousepad Grande;Acessórios;Prime Eletrônicos;2;39.9;0;39.9;79.8;0.0;79.8;34.0;45.8;0.5739;12;5;
218;129;2026-03-25;2026-03;24;Gabriela Nascimento;SP;Votuporanga;29;ENTREGUE;WhatsApp;Pix;18;Cooler para Processador;Componentes;Mega Componentes;2;99.9;0;99.9;199.8;0.0;199.8;92.0;107.8;0.5395;16.95;4;
219;129;2026-03-25;2026-03;24;Gabriela Nascimento;SP;Votuporanga;29;ENTREGUE;WhatsApp;Pix;8;Suporte Articulado para Monitor;Acessórios;OfficeTech Supply;1;149.9;0.08;137.91;149.9;11.99;137.91;73.0;64.91;0.4707;16.95;4;
220;130;2026-06-03;2026-06;56;Olívia Lima;SC;Florianópolis;53;PENDENTE;Site;Pix;20;"Monitor IPS 24""";Monitores;Brasil Monitores;1;899.9;0;899.9;899.9;0.0;899.9;665.0;234.9;0.261;13.14;;
221;130;2026-06-03;2026-06;56;Olívia Lima;SC;Florianópolis;53;PENDENTE;Site;Pix;5;Mousepad Grande;Acessórios;Prime Eletrônicos;1;39.9;0;39.9;39.9;0.0;39.9;17.0;22.9;0.5739;13.14;;
222;130;2026-06-03;2026-06;56;Olívia Lima;SC;Florianópolis;53;PENDENTE;Site;Pix;25;Roteador Wi-Fi AC1200;Rede;Connect Rede;1;249.9;0;249.9;249.9;0.0;249.9;145.0;104.9;0.4198;13.14;;
223;130;2026-06-03;2026-06;56;Olívia Lima;SC;Florianópolis;53;PENDENTE;Site;Pix;12;HD Externo 1TB;Armazenamento;InfoMax Atacado;2;369.9;0;369.9;739.8;0.0;739.8;492.0;247.8;0.335;13.14;;
224;131;2026-01-10;2026-01;55;Henrique Araujo;GO;Anápolis;26;ENTREGUE;Site;Cartão crédito;27;Placa de Rede PCIe;Rede;Connect Rede;2;79.9;0;79.9;159.8;0.0;159.8;74.0;85.8;0.5369;41.76;5;
225;131;2026-01-10;2026-01;55;Henrique Araujo;GO;Anápolis;26;ENTREGUE;Site;Cartão crédito;25;Roteador Wi-Fi AC1200;Rede;Connect Rede;1;249.9;0;249.9;249.9;0.0;249.9;145.0;104.9;0.4198;41.76;5;
226;132;2026-06-05;2026-06;54;Eduarda Gomes;RJ;Rio de Janeiro;45;EM PROCESSAMENTO;WhatsApp;Pix;9;SSD 240GB SATA;Armazenamento;Mega Componentes;1;169.9;0;169.9;169.9;0.0;169.9;98.0;71.9;0.4232;14.12;;
227;132;2026-06-05;2026-06;54;Eduarda Gomes;RJ;Rio de Janeiro;45;EM PROCESSAMENTO;WhatsApp;Pix;11;SSD NVMe 500GB;Armazenamento;FastHardware;3;329.9;0;329.9;989.7;0.0;989.7;615.0;374.7;0.3786;14.12;;
228;133;2026-04-04;2026-04;21;Henrique Pereira;RJ;Rio de Janeiro;52;CANCELADO;WhatsApp;Pix;26;Switch 8 Portas Gigabit;Rede;Connect Rede;1;189.9;0.03;184.2;189.9;5.7;0;103.0;0;0;12.07;;Falha na aprovação do pedido
229;133;2026-04-04;2026-04;21;Henrique Pereira;RJ;Rio de Janeiro;52;CANCELADO;WhatsApp;Pix;2;Teclado Membrana ABNT2;Periféricos;TechDistribuidora Brasil;1;89.9;0;89.9;89.9;0.0;0;48.0;0;0;12.07;;Falha na aprovação do pedido
230;134;2026-03-21;2026-03;18;Thiago Nascimento;PR;Curitiba;30;ENVIADO;Site;Cartão débito;5;Mousepad Grande;Acessórios;Prime Eletrônicos;3;39.9;0;39.9;119.7;0.0;119.7;51.0;68.7;0.5739;45.75;1;
231;135;2026-04-10;2026-04;54;Eduarda Gomes;RJ;Rio de Janeiro;45;ENTREGUE;WhatsApp;Pix;2;Teclado Membrana ABNT2;Periféricos;TechDistribuidora Brasil;1;89.9;0;89.9;89.9;0.0;89.9;48.0;41.9;0.4661;64.74;5;
232;136;2026-04-22;2026-04;11;Felipe Martins;RJ;Rio de Janeiro;42;ENTREGUE;Site;Cartão crédito;27;Placa de Rede PCIe;Rede;Connect Rede;1;79.9;0;79.9;79.9;0.0;79.9;37.0;42.9;0.5369;17.26;2;
233;136;2026-04-22;2026-04;11;Felipe Martins;RJ;Rio de Janeiro;42;ENTREGUE;Site;Cartão crédito;2;Teclado Membrana ABNT2;Periféricos;TechDistribuidora Brasil;1;89.9;0;89.9;89.9;0.0;89.9;48.0;41.9;0.4661;17.26;2;
234;136;2026-04-22;2026-04;11;Felipe Martins;RJ;Rio de Janeiro;42;ENTREGUE;Site;Cartão crédito;6;Cabo HDMI 2m;Acessórios;Prime Eletrônicos;1;29.9;0.03;29.0;29.9;0.9;29.0;10.0;19.0;0.6552;17.26;2;
235;137;2026-04-25;2026-04;29;Thiago Carvalho;SP;São José do Rio Preto;50;ENTREGUE;Marketplace;Pix;16;Placa de Vídeo GTX 1650;Componentes;FastHardware;1;949.9;0.05;902.4;949.9;47.5;902.4;735.0;167.4;0.1855;25.89;5;
236;138;2026-05-20;2026-05;21;Henrique Pereira;RJ;Rio de Janeiro;52;EM PROCESSAMENTO;Indicação;Cartão crédito;5;Mousepad Grande;Acessórios;Prime Eletrônicos;1;39.9;0.03;38.7;39.9;1.2;38.7;17.0;21.7;0.5607;45.13;;
237;139;2026-03-25;2026-03;11;Felipe Martins;RJ;Rio de Janeiro;42;ENTREGUE;Site;Cartão débito;18;Cooler para Processador;Componentes;Mega Componentes;1;99.9;0;99.9;99.9;0.0;99.9;46.0;53.9;0.5395;18.79;2;
238;140;2026-04-27;2026-04;38;Diego Santos;MS;Campo Grande;52;ENTREGUE;WhatsApp;Cartão crédito;6;Cabo HDMI 2m;Acessórios;Prime Eletrônicos;1;29.9;0.1;26.91;29.9;2.99;26.91;10.0;16.91;0.6284;42.43;5;
239;140;2026-04-27;2026-04;38;Diego Santos;MS;Campo Grande;52;ENTREGUE;WhatsApp;Cartão crédito;7;Adaptador USB-C HDMI;Acessórios;Prime Eletrônicos;1;119.9;0.08;110.31;119.9;9.59;110.31;58.0;52.31;0.4742;42.43;5;
240;141;2026-06-03;2026-06;14;Diego Carvalho;MG;Belo Horizonte;50;ENTREGUE;Marketplace;Pix;9;SSD 240GB SATA;Armazenamento;Mega Componentes;1;169.9;0.03;164.8;169.9;5.1;164.8;98.0;66.8;0.4053;49.62;7;
241;141;2026-06-03;2026-06;14;Diego Carvalho;MG;Belo Horizonte;50;ENTREGUE;Marketplace;Pix;18;Cooler para Processador;Componentes;Mega Componentes;1;99.9;0.12;87.91;99.9;11.99;87.91;46.0;41.91;0.4767;49.62;7;
242;142;2026-03-03;2026-03;60;Mariana Araujo;PR;Curitiba;19;CANCELADO;WhatsApp;Cartão crédito;7;Adaptador USB-C HDMI;Acessórios;Prime Eletrônicos;3;119.9;0.1;107.91;359.7;35.97;0;174.0;0;0;27.73;;Produto indisponível
243;143;2026-01-23;2026-01;2;Beatriz Costa;SP;Votuporanga;24;ENTREGUE;Site;Cartão crédito;1;Mouse Óptico USB;Periféricos;TechDistribuidora Brasil;1;49.9;0;49.9;49.9;0.0;49.9;25.0;24.9;0.499;27.33;8;
244;143;2026-01-23;2026-01;2;Beatriz Costa;SP;Votuporanga;24;ENTREGUE;Site;Cartão crédito;4;Webcam Full HD;Periféricos;Prime Eletrônicos;1;199.9;0.03;193.9;199.9;6.0;193.9;112.0;81.9;0.4224;27.33;8;
245;144;2026-06-04;2026-06;6;Yasmin Santos;MG;Uberaba;52;EM PROCESSAMENTO;Indicação;Cartão crédito;9;SSD 240GB SATA;Armazenamento;Mega Componentes;2;169.9;0.05;161.41;339.8;16.98;322.82;196.0;126.82;0.3929;19.4;;
246;145;2026-05-03;2026-05;45;Nicolas Costa;PR;Maringá;45;EM PROCESSAMENTO;Site;Boleto;28;Repetidor Wi-Fi;Rede;Connect Rede;1;139.9;0.03;135.7;139.9;4.2;135.7;69.0;66.7;0.4915;29.07;;
247;146;2026-02-03;2026-02;43;Caio Souza;SP;Mirassol;22;EM PROCESSAMENTO;Site;Cartão crédito;18;Cooler para Processador;Componentes;Mega Componentes;2;99.9;0;99.9;199.8;0.0;199.8;92.0;107.8;0.5395;47.13;;
248;146;2026-02-03;2026-02;43;Caio Souza;SP;Mirassol;22;EM PROCESSAMENTO;Site;Cartão crédito;2;Teclado Membrana ABNT2;Periféricos;TechDistribuidora Brasil;1;89.9;0.05;85.41;89.9;4.49;85.41;48.0;37.41;0.438;47.13;;
249;147;2026-05-04;2026-05;57;Beatriz Souza;GO;Anápolis;51;ENTREGUE;WhatsApp;Boleto;27;Placa de Rede PCIe;Rede;Connect Rede;1;79.9;0;79.9;79.9;0.0;79.9;37.0;42.9;0.5369;27.4;3;
250;148;2026-01-02;2026-01;4;Letícia Santos;SP;Catanduva;36;ENTREGUE;WhatsApp;Cartão crédito;11;SSD NVMe 500GB;Armazenamento;FastHardware;1;329.9;0.08;303.51;329.9;26.39;303.51;205.0;98.51;0.3246;30.48;4;
251;148;2026-01-02;2026-01;4;Letícia Santos;SP;Catanduva;36;ENTREGUE;WhatsApp;Cartão crédito;6;Cabo HDMI 2m;Acessórios;Prime Eletrônicos;1;29.9;0;29.9;29.9;0.0;29.9;10.0;19.9;0.6656;30.48;4;
252;149;2026-05-14;2026-05;10;Tatiane Rodrigues;SP;Catanduva;50;ENTREGUE;Indicação;Pix;28;Repetidor Wi-Fi;Rede;Connect Rede;1;139.9;0.1;125.91;139.9;13.99;125.91;69.0;56.91;0.452;22.77;4;
253;150;2026-04-24;2026-04;53;Carla Almeida;SP;Ribeirão Preto;54;ENTREGUE;Marketplace;Boleto;6;Cabo HDMI 2m;Acessórios;Prime Eletrônicos;5;29.9;0;29.9;149.5;0.0;149.5;50.0;99.5;0.6656;13.5;6;
254;151;2026-01-15;2026-01;19;Sofia Nascimento;SP;Catanduva;32;ENTREGUE;Site;Pix;6;Cabo HDMI 2m;Acessórios;Prime Eletrônicos;1;29.9;0.12;26.31;29.9;3.59;26.31;10.0;16.31;0.6199;53.21;5;
255;151;2026-01-15;2026-01;19;Sofia Nascimento;SP;Catanduva;32;ENTREGUE;Site;Pix;2;Teclado Membrana ABNT2;Periféricos;TechDistribuidora Brasil;3;89.9;0.05;85.41;269.7;13.47;256.23;144.0;112.23;0.438;53.21;5;
256;152;2026-02-05;2026-02;35;Sofia Santos;PR;Londrina;35;ENTREGUE;Site;Boleto;5;Mousepad Grande;Acessórios;Prime Eletrônicos;1;39.9;0.05;37.9;39.9;2.0;37.9;17.0;20.9;0.5515;12;7;
257;152;2026-02-05;2026-02;35;Sofia Santos;PR;Londrina;35;ENTREGUE;Site;Boleto;1;Mouse Óptico USB;Periféricos;TechDistribuidora Brasil;2;49.9;0.05;47.4;99.8;5.0;94.8;50.0;44.8;0.4726;12;7;
258;153;2026-05-21;2026-05;34;Vitor Martins;RJ;Rio de Janeiro;60;EM PROCESSAMENTO;Site;Cartão débito;7;Adaptador USB-C HDMI;Acessórios;Prime Eletrônicos;2;119.9;0.05;113.91;239.8;11.98;227.82;116.0;111.82;0.4908;12;;
259;153;2026-05-21;2026-05;34;Vitor Martins;RJ;Rio de Janeiro;60;EM PROCESSAMENTO;Site;Cartão débito;28;Repetidor Wi-Fi;Rede;Connect Rede;1;139.9;0.03;135.7;139.9;4.2;135.7;69.0;66.7;0.4915;12;;
260;153;2026-05-21;2026-05;34;Vitor Martins;RJ;Rio de Janeiro;60;EM PROCESSAMENTO;Site;Cartão débito;3;Headset Gamer P2;Periféricos;FastHardware;1;159.9;0;159.9;159.9;0.0;159.9;84.0;75.9;0.4747;12;;
261;153;2026-05-21;2026-05;34;Vitor Martins;RJ;Rio de Janeiro;60;EM PROCESSAMENTO;Site;Cartão débito;5;Mousepad Grande;Acessórios;Prime Eletrônicos;2;39.9;0;39.9;79.8;0.0;79.8;34.0;45.8;0.5739;12;;
262;154;2026-06-01;2026-06;9;Yasmin Almeida;SP;Catanduva;33;ENTREGUE;Indicação;Pix;5;Mousepad Grande;Acessórios;Prime Eletrônicos;1;39.9;0;39.9;39.9;0.0;39.9;17.0;22.9;0.5739;25.54;1;
263;155;2026-06-04;2026-06;50;Rodrigo Lima;MG;Uberlândia;47;EM PROCESSAMENTO;Site;Cartão crédito;2;Teclado Membrana ABNT2;Periféricos;TechDistribuidora Brasil;1;89.9;0.08;82.71;89.9;7.19;82.71;48.0;34.71;0.4197;17.97;;
264;155;2026-06-04;2026-06;50;Rodrigo Lima;MG;Uberlândia;47;EM PROCESSAMENTO;Site;Cartão crédito;8;Suporte Articulado para Monitor;Acessórios;OfficeTech Supply;1;149.9;0.08;137.91;149.9;11.99;137.91;73.0;64.91;0.4707;17.97;;
265;156;2026-06-02;2026-06;46;Bruno Ribeiro;SP;São Paulo;52;ENVIADO;Site;Cartão crédito;1;Mouse Óptico USB;Periféricos;TechDistribuidora Brasil;1;49.9;0.12;43.91;49.9;5.99;43.91;25.0;18.91;0.4307;49.33;1;
266;156;2026-06-02;2026-06;46;Bruno Ribeiro;SP;São Paulo;52;ENVIADO;Site;Cartão crédito;26;Switch 8 Portas Gigabit;Rede;Connect Rede;1;189.9;0;189.9;189.9;0.0;189.9;103.0;86.9;0.4576;49.33;1;
267;157;2026-04-08;2026-04;48;Caio Rodrigues;SP;Ribeirão Preto;36;ENTREGUE;Site;Pix;2;Teclado Membrana ABNT2;Periféricos;TechDistribuidora Brasil;1;89.9;0.05;85.41;89.9;4.49;85.41;48.0;37.41;0.438;44.29;5;
268;157;2026-04-08;2026-04;48;Caio Rodrigues;SP;Ribeirão Preto;36;ENTREGUE;Site;Pix;25;Roteador Wi-Fi AC1200;Rede;Connect Rede;3;249.9;0;249.9;749.7;0.0;749.7;435.0;314.7;0.4198;44.29;5;
269;158;2026-04-30;2026-04;59;Letícia Souza;SP;Votuporanga;39;ENTREGUE;Indicação;Cartão crédito;1;Mouse Óptico USB;Periféricos;TechDistribuidora Brasil;1;49.9;0.03;48.4;49.9;1.5;48.4;25.0;23.4;0.4835;22.96;4;
270;158;2026-04-30;2026-04;59;Letícia Souza;SP;Votuporanga;39;ENTREGUE;Indicação;Cartão crédito;27;Placa de Rede PCIe;Rede;Connect Rede;2;79.9;0;79.9;159.8;0.0;159.8;74.0;85.8;0.5369;22.96;4;
271;158;2026-04-30;2026-04;59;Letícia Souza;SP;Votuporanga;39;ENTREGUE;Indicação;Cartão crédito;8;Suporte Articulado para Monitor;Acessórios;OfficeTech Supply;1;149.9;0.05;142.41;149.9;7.49;142.41;73.0;69.41;0.4874;22.96;4;
272;159;2026-04-19;2026-04;14;Diego Carvalho;MG;Belo Horizonte;50;ENVIADO;WhatsApp;Pix;5;Mousepad Grande;Acessórios;Prime Eletrônicos;1;39.9;0;39.9;39.9;0.0;39.9;17.0;22.9;0.5739;35.35;4;
273;159;2026-04-19;2026-04;14;Diego Carvalho;MG;Belo Horizonte;50;ENVIADO;WhatsApp;Pix;8;Suporte Articulado para Monitor;Acessórios;OfficeTech Supply;2;149.9;0.05;142.41;299.8;14.98;284.82;146.0;138.82;0.4874;35.35;4;
274;159;2026-04-19;2026-04;14;Diego Carvalho;MG;Belo Horizonte;50;ENVIADO;WhatsApp;Pix;3;Headset Gamer P2;Periféricos;FastHardware;1;159.9;0.12;140.71;159.9;19.19;140.71;84.0;56.71;0.403;35.35;4;
275;160;2026-04-07;2026-04;2;Beatriz Costa;SP;Votuporanga;24;ENTREGUE;Site;Cartão crédito;22;Notebook Intel i3 8GB;Notebooks;InfoMax Atacado;1;2399.9;0.12;2111.91;2399.9;287.99;2111.91;1980.0;131.91;0.0625;22.03;5;
276;160;2026-04-07;2026-04;2;Beatriz Costa;SP;Votuporanga;24;ENTREGUE;Site;Cartão crédito;6;Cabo HDMI 2m;Acessórios;Prime Eletrônicos;2;29.9;0.05;28.4;59.8;3.0;56.8;20.0;36.8;0.6479;22.03;5;
277;160;2026-04-07;2026-04;2;Beatriz Costa;SP;Votuporanga;24;ENTREGUE;Site;Cartão crédito;10;SSD 480GB SATA;Armazenamento;Mega Componentes;3;259.9;0.12;228.71;779.7;93.57;686.13;474.0;212.13;0.3092;22.03;5;
278;160;2026-04-07;2026-04;2;Beatriz Costa;SP;Votuporanga;24;ENTREGUE;Site;Cartão crédito;8;Suporte Articulado para Monitor;Acessórios;OfficeTech Supply;1;149.9;0.05;142.41;149.9;7.49;142.41;73.0;69.41;0.4874;22.03;5;
279;161;2026-06-04;2026-06;53;Carla Almeida;SP;Ribeirão Preto;54;EM PROCESSAMENTO;Marketplace;Boleto;18;Cooler para Processador;Componentes;Mega Componentes;1;99.9;0;99.9;99.9;0.0;99.9;46.0;53.9;0.5395;59.12;;
280;161;2026-06-04;2026-06;53;Carla Almeida;SP;Ribeirão Preto;54;EM PROCESSAMENTO;Marketplace;Boleto;19;"Monitor LED 21.5""";Monitores;Brasil Monitores;1;679.9;0.05;645.9;679.9;34.0;645.9;495.0;150.9;0.2336;59.12;;
281;161;2026-06-04;2026-06;53;Carla Almeida;SP;Ribeirão Preto;54;EM PROCESSAMENTO;Marketplace;Boleto;28;Repetidor Wi-Fi;Rede;Connect Rede;1;139.9;0.03;135.7;139.9;4.2;135.7;69.0;66.7;0.4915;59.12;;
282;162;2026-05-17;2026-05;23;Matheus Silva;RJ;Rio de Janeiro;21;ENTREGUE;Site;Cartão crédito;11;SSD NVMe 500GB;Armazenamento;FastHardware;1;329.9;0.1;296.91;329.9;32.99;296.91;205.0;91.91;0.3096;33.0;6;
283;162;2026-05-17;2026-05;23;Matheus Silva;RJ;Rio de Janeiro;21;ENTREGUE;Site;Cartão crédito;4;Webcam Full HD;Periféricos;Prime Eletrônicos;1;199.9;0;199.9;199.9;0.0;199.9;112.0;87.9;0.4397;33.0;6;
284;162;2026-05-17;2026-05;23;Matheus Silva;RJ;Rio de Janeiro;21;ENTREGUE;Site;Cartão crédito;29;Impressora Multifuncional;Office;OfficeTech Supply;2;699.9;0.1;629.91;1399.8;139.98;1259.82;996.0;263.82;0.2094;33.0;6;
285;162;2026-05-17;2026-05;23;Matheus Silva;RJ;Rio de Janeiro;21;ENTREGUE;Site;Cartão crédito;27;Placa de Rede PCIe;Rede;Connect Rede;2;79.9;0;79.9;159.8;0.0;159.8;74.0;85.8;0.5369;33.0;6;
286;163;2026-06-04;2026-06;38;Diego Santos;MS;Campo Grande;52;PENDENTE;Site;Cartão crédito;3;Headset Gamer P2;Periféricos;FastHardware;1;159.9;0;159.9;159.9;0.0;159.9;84.0;75.9;0.4747;26.6;;
287;163;2026-06-04;2026-06;38;Diego Santos;MS;Campo Grande;52;PENDENTE;Site;Cartão crédito;2;Teclado Membrana ABNT2;Periféricos;TechDistribuidora Brasil;3;89.9;0.05;85.41;269.7;13.47;256.23;144.0;112.23;0.438;26.6;;
288;164;2026-02-06;2026-02;41;Thiago Costa;SC;Florianópolis;60;ENTREGUE;Site;Pix;14;Memória RAM 16GB DDR4;Componentes;Mega Componentes;2;319.9;0.1;287.91;639.8;63.98;575.82;396.0;179.82;0.3123;13.62;3;
289;164;2026-02-06;2026-02;41;Thiago Costa;SC;Florianópolis;60;ENTREGUE;Site;Pix;3;Headset Gamer P2;Periféricos;FastHardware;3;159.9;0;159.9;479.7;0.0;479.7;252.0;227.7;0.4747;13.62;3;
290;164;2026-02-06;2026-02;41;Thiago Costa;SC;Florianópolis;60;ENTREGUE;Site;Pix;28;Repetidor Wi-Fi;Rede;Connect Rede;3;139.9;0.1;125.91;419.7;41.97;377.73;207.0;170.73;0.452;13.62;3;
291;164;2026-02-06;2026-02;41;Thiago Costa;SC;Florianópolis;60;ENTREGUE;Site;Pix;16;Placa de Vídeo GTX 1650;Componentes;FastHardware;1;949.9;0.03;921.4;949.9;28.5;921.4;735.0;186.4;0.2023;13.62;3;
292;165;2026-05-21;2026-05;40;Samuel Araujo;GO;Goiânia;33;ENTREGUE;Site;Boleto;11;SSD NVMe 500GB;Armazenamento;FastHardware;1;329.9;0.08;303.51;329.9;26.39;303.51;205.0;98.51;0.3246;50.6;4;
293;166;2026-05-05;2026-05;46;Bruno Ribeiro;SP;São Paulo;52;EM PROCESSAMENTO;Instagram;Pix;18;Cooler para Processador;Componentes;Mega Componentes;2;99.9;0.05;94.91;199.8;9.98;189.82;92.0;97.82;0.5153;22.42;;
294;166;2026-05-05;2026-05;46;Bruno Ribeiro;SP;São Paulo;52;EM PROCESSAMENTO;Instagram;Pix;6;Cabo HDMI 2m;Acessórios;Prime Eletrônicos;1;29.9;0;29.9;29.9;0.0;29.9;10.0;19.9;0.6656;22.42;;
295;167;2026-06-05;2026-06;11;Felipe Martins;RJ;Rio de Janeiro;42;ENVIADO;WhatsApp;Pix;9;SSD 240GB SATA;Armazenamento;Mega Componentes;2;169.9;0;169.9;339.8;0.0;339.8;196.0;143.8;0.4232;29.02;1;
296;167;2026-06-05;2026-06;11;Felipe Martins;RJ;Rio de Janeiro;42;ENVIADO;WhatsApp;Pix;6;Cabo HDMI 2m;Acessórios;Prime Eletrônicos;1;29.9;0.1;26.91;29.9;2.99;26.91;10.0;16.91;0.6284;29.02;1;
297;167;2026-06-05;2026-06;11;Felipe Martins;RJ;Rio de Janeiro;42;ENVIADO;WhatsApp;Pix;10;SSD 480GB SATA;Armazenamento;Mega Componentes;1;259.9;0;259.9;259.9;0.0;259.9;158.0;101.9;0.3921;29.02;1;
298;168;2026-03-25;2026-03;47;Nicolas Santos;MS;Três Lagoas;57;ENTREGUE;Site;Cartão crédito;28;Repetidor Wi-Fi;Rede;Connect Rede;1;139.9;0.05;132.91;139.9;6.99;132.91;69.0;63.91;0.4809;59.38;4;
299;169;2026-06-01;2026-06;28;Gabriela Silva;MG;Belo Horizonte;21;ENTREGUE;Site;Cartão crédito;2;Teclado Membrana ABNT2;Periféricos;TechDistribuidora Brasil;1;89.9;0;89.9;89.9;0.0;89.9;48.0;41.9;0.4661;25.22;1;
300;170;2026-01-17;2026-01;4;Letícia Santos;SP;Catanduva;36;ENVIADO;Site;Cartão débito;10;SSD 480GB SATA;Armazenamento;Mega Componentes;1;259.9;0;259.9;259.9;0.0;259.9;158.0;101.9;0.3921;37.57;3;
301;171;2026-01-30;2026-01;14;Diego Carvalho;MG;Belo Horizonte;50;EM PROCESSAMENTO;Indicação;Cartão crédito;5;Mousepad Grande;Acessórios;Prime Eletrônicos;2;39.9;0;39.9;79.8;0.0;79.8;34.0;45.8;0.5739;27.31;;
302;172;2026-06-04;2026-06;12;Renan Silva;RJ;Rio de Janeiro;61;ENTREGUE;Site;Cartão débito;7;Adaptador USB-C HDMI;Acessórios;Prime Eletrônicos;2;119.9;0;119.9;239.8;0.0;239.8;116.0;123.8;0.5163;44.22;3;
303;173;2026-02-01;2026-02;7;Thiago Gomes;RJ;Rio de Janeiro;61;ENTREGUE;Marketplace;Cartão débito;6;Cabo HDMI 2m;Acessórios;Prime Eletrônicos;3;29.9;0;29.9;89.7;0.0;89.7;30.0;59.7;0.6656;35.76;2;
304;174;2026-05-26;2026-05;56;Olívia Lima;SC;Florianópolis;53;ENTREGUE;WhatsApp;Boleto;11;SSD NVMe 500GB;Armazenamento;FastHardware;1;329.9;0.1;296.91;329.9;32.99;296.91;205.0;91.91;0.3096;23.18;2;
305;174;2026-05-26;2026-05;56;Olívia Lima;SC;Florianópolis;53;ENTREGUE;WhatsApp;Boleto;5;Mousepad Grande;Acessórios;Prime Eletrônicos;1;39.9;0.1;35.91;39.9;3.99;35.91;17.0;18.91;0.5266;23.18;2;
306;174;2026-05-26;2026-05;56;Olívia Lima;SC;Florianópolis;53;ENTREGUE;WhatsApp;Boleto;7;Adaptador USB-C HDMI;Acessórios;Prime Eletrônicos;1;119.9;0;119.9;119.9;0.0;119.9;58.0;61.9;0.5163;23.18;2;
307;175;2026-01-28;2026-01;3;Matheus Almeida;SP;Votuporanga;23;ENVIADO;Marketplace;Pix;29;Impressora Multifuncional;Office;OfficeTech Supply;2;699.9;0.1;629.91;1399.8;139.98;1259.82;996.0;263.82;0.2094;30.21;1;
308;176;2026-03-02;2026-03;25;Renan Carvalho;MG;Uberaba;59;EM PROCESSAMENTO;Site;Cartão crédito;10;SSD 480GB SATA;Armazenamento;Mega Componentes;1;259.9;0.05;246.9;259.9;13.0;246.9;158.0;88.9;0.3601;14.33;;
309;176;2026-03-02;2026-03;25;Renan Carvalho;MG;Uberaba;59;EM PROCESSAMENTO;Site;Cartão crédito;26;Switch 8 Portas Gigabit;Rede;Connect Rede;1;189.9;0;189.9;189.9;0.0;189.9;103.0;86.9;0.4576;14.33;;
310;177;2026-02-02;2026-02;38;Diego Santos;MS;Campo Grande;52;ENTREGUE;Site;Cartão crédito;28;Repetidor Wi-Fi;Rede;Connect Rede;1;139.9;0;139.9;139.9;0.0;139.9;69.0;70.9;0.5068;20.36;4;
311;177;2026-02-02;2026-02;38;Diego Santos;MS;Campo Grande;52;ENTREGUE;Site;Cartão crédito;27;Placa de Rede PCIe;Rede;Connect Rede;1;79.9;0;79.9;79.9;0.0;79.9;37.0;42.9;0.5369;20.36;4;
312;178;2026-04-19;2026-04;10;Tatiane Rodrigues;SP;Catanduva;50;ENTREGUE;Instagram;Pix;15;Fonte 500W 80 Plus;Componentes;FastHardware;1;289.9;0;289.9;289.9;0.0;289.9;182.0;107.9;0.3722;46.06;5;
313;178;2026-04-19;2026-04;10;Tatiane Rodrigues;SP;Catanduva;50;ENTREGUE;Instagram;Pix;7;Adaptador USB-C HDMI;Acessórios;Prime Eletrônicos;3;119.9;0;119.9;359.7;0.0;359.7;174.0;185.7;0.5163;46.06;5;
314;179;2026-03-31;2026-03;55;Henrique Araujo;GO;Anápolis;26;ENTREGUE;WhatsApp;Cartão crédito;2;Teclado Membrana ABNT2;Periféricos;TechDistribuidora Brasil;1;89.9;0;89.9;89.9;0.0;89.9;48.0;41.9;0.4661;36.72;3;
315;179;2026-03-31;2026-03;55;Henrique Araujo;GO;Anápolis;26;ENTREGUE;WhatsApp;Cartão crédito;26;Switch 8 Portas Gigabit;Rede;Connect Rede;1;189.9;0.08;174.71;189.9;15.19;174.71;103.0;71.71;0.4105;36.72;3;
316;180;2026-03-31;2026-03;49;Caio Ribeiro;BA;Feira de Santana;43;ENTREGUE;Instagram;Cartão crédito;6;Cabo HDMI 2m;Acessórios;Prime Eletrônicos;2;29.9;0;29.9;59.8;0.0;59.8;20.0;39.8;0.6656;13.4;6;
317;180;2026-03-31;2026-03;49;Caio Ribeiro;BA;Feira de Santana;43;ENTREGUE;Instagram;Cartão crédito;1;Mouse Óptico USB;Periféricos;TechDistribuidora Brasil;2;49.9;0;49.9;99.8;0.0;99.8;50.0;49.8;0.499;13.4;6;
318;181;2026-06-03;2026-06;3;Matheus Almeida;SP;Votuporanga;23;PENDENTE;Site;Cartão crédito;27;Placa de Rede PCIe;Rede;Connect Rede;1;79.9;0;79.9;79.9;0.0;79.9;37.0;42.9;0.5369;38.87;;
319;182;2026-02-24;2026-02;39;Eduarda Silva;SP;São José do Rio Preto;40;ENTREGUE;WhatsApp;Pix;28;Repetidor Wi-Fi;Rede;Connect Rede;2;139.9;0;139.9;279.8;0.0;279.8;138.0;141.8;0.5068;18.2;2;
320;183;2026-03-21;2026-03;4;Letícia Santos;SP;Catanduva;36;PENDENTE;Indicação;Cartão crédito;11;SSD NVMe 500GB;Armazenamento;FastHardware;1;329.9;0;329.9;329.9;0.0;329.9;205.0;124.9;0.3786;52.57;;
321;184;2026-05-27;2026-05;2;Beatriz Costa;SP;Votuporanga;24;ENTREGUE;Site;Cartão crédito;28;Repetidor Wi-Fi;Rede;Connect Rede;2;139.9;0;139.9;279.8;0.0;279.8;138.0;141.8;0.5068;12;1;
322;184;2026-05-27;2026-05;2;Beatriz Costa;SP;Votuporanga;24;ENTREGUE;Site;Cartão crédito;15;Fonte 500W 80 Plus;Componentes;FastHardware;2;289.9;0.08;266.71;579.8;46.38;533.42;364.0;169.42;0.3176;12;1;
323;184;2026-05-27;2026-05;2;Beatriz Costa;SP;Votuporanga;24;ENTREGUE;Site;Cartão crédito;8;Suporte Articulado para Monitor;Acessórios;OfficeTech Supply;2;149.9;0;149.9;299.8;0.0;299.8;146.0;153.8;0.513;12;1;
324;185;2026-05-26;2026-05;34;Vitor Martins;RJ;Rio de Janeiro;60;ENTREGUE;WhatsApp;Pix;7;Adaptador USB-C HDMI;Acessórios;Prime Eletrônicos;1;119.9;0.12;105.51;119.9;14.39;105.51;58.0;47.51;0.4503;23.52;3;
325;185;2026-05-26;2026-05;34;Vitor Martins;RJ;Rio de Janeiro;60;ENTREGUE;WhatsApp;Pix;2;Teclado Membrana ABNT2;Periféricos;TechDistribuidora Brasil;1;89.9;0.08;82.71;89.9;7.19;82.71;48.0;34.71;0.4197;23.52;3;
326;185;2026-05-26;2026-05;34;Vitor Martins;RJ;Rio de Janeiro;60;ENTREGUE;WhatsApp;Pix;9;SSD 240GB SATA;Armazenamento;Mega Componentes;1;169.9;0.05;161.41;169.9;8.49;161.41;98.0;63.41;0.3929;23.52;3;
327;186;2026-05-28;2026-05;20;Henrique Silva;SP;Ribeirão Preto;21;ENTREGUE;Site;Cartão crédito;9;SSD 240GB SATA;Armazenamento;Mega Componentes;1;169.9;0;169.9;169.9;0.0;169.9;98.0;71.9;0.4232;46.79;2;
328;187;2026-06-05;2026-06;32;Caio Gomes;SP;Mirassol;22;PENDENTE;Site;Boleto;5;Mousepad Grande;Acessórios;Prime Eletrônicos;2;39.9;0.03;38.7;79.8;2.4;77.4;34.0;43.4;0.5607;12;;
329;187;2026-06-05;2026-06;32;Caio Gomes;SP;Mirassol;22;PENDENTE;Site;Boleto;7;Adaptador USB-C HDMI;Acessórios;Prime Eletrônicos;3;119.9;0.08;110.31;359.7;28.77;330.93;174.0;156.93;0.4742;12;;
330;187;2026-06-05;2026-06;32;Caio Gomes;SP;Mirassol;22;PENDENTE;Site;Boleto;1;Mouse Óptico USB;Periféricos;TechDistribuidora Brasil;2;49.9;0;49.9;99.8;0.0;99.8;50.0;49.8;0.499;12;;
331;187;2026-06-05;2026-06;32;Caio Gomes;SP;Mirassol;22;PENDENTE;Site;Boleto;17;Processador Ryzen 5;Componentes;FastHardware;1;799.9;0;799.9;799.9;0.0;799.9;612.0;187.9;0.2349;12;;
332;188;2026-03-12;2026-03;52;Henrique Gomes;SP;Catanduva;27;ENTREGUE;Site;Cartão crédito;27;Placa de Rede PCIe;Rede;Connect Rede;2;79.9;0;79.9;159.8;0.0;159.8;74.0;85.8;0.5369;27.08;5;
333;188;2026-03-12;2026-03;52;Henrique Gomes;SP;Catanduva;27;ENTREGUE;Site;Cartão crédito;28;Repetidor Wi-Fi;Rede;Connect Rede;1;139.9;0;139.9;139.9;0.0;139.9;69.0;70.9;0.5068;27.08;5;
334;189;2026-04-23;2026-04;4;Letícia Santos;SP;Catanduva;36;EM PROCESSAMENTO;Site;Pix;12;HD Externo 1TB;Armazenamento;InfoMax Atacado;1;369.9;0.08;340.31;369.9;29.59;340.31;246.0;94.31;0.2771;57.96;;
335;189;2026-04-23;2026-04;4;Letícia Santos;SP;Catanduva;36;EM PROCESSAMENTO;Site;Pix;28;Repetidor Wi-Fi;Rede;Connect Rede;1;139.9;0;139.9;139.9;0.0;139.9;69.0;70.9;0.5068;57.96;;
336;189;2026-04-23;2026-04;4;Letícia Santos;SP;Catanduva;36;EM PROCESSAMENTO;Site;Pix;1;Mouse Óptico USB;Periféricos;TechDistribuidora Brasil;1;49.9;0.03;48.4;49.9;1.5;48.4;25.0;23.4;0.4835;57.96;;
337;190;2026-06-01;2026-06;30;Renan Souza;SP;São Paulo;33;ENTREGUE;Site;Pix;26;Switch 8 Portas Gigabit;Rede;Connect Rede;1;189.9;0;189.9;189.9;0.0;189.9;103.0;86.9;0.4576;13.05;10;
338;191;2026-03-13;2026-03;50;Rodrigo Lima;MG;Uberlândia;47;ENVIADO;Instagram;Cartão crédito;19;"Monitor LED 21.5""";Monitores;Brasil Monitores;1;679.9;0.1;611.91;679.9;67.99;611.91;495.0;116.91;0.1911;47.27;4;
339;192;2026-06-03;2026-06;3;Matheus Almeida;SP;Votuporanga;23;ENVIADO;WhatsApp;Cartão crédito;18;Cooler para Processador;Componentes;Mega Componentes;1;99.9;0.08;91.91;99.9;7.99;91.91;46.0;45.91;0.4995;33.17;3;
340;192;2026-06-03;2026-06;3;Matheus Almeida;SP;Votuporanga;23;ENVIADO;WhatsApp;Cartão crédito;28;Repetidor Wi-Fi;Rede;Connect Rede;1;139.9;0;139.9;139.9;0.0;139.9;69.0;70.9;0.5068;33.17;3;
341;193;2026-02-13;2026-02;20;Henrique Silva;SP;Ribeirão Preto;21;ENTREGUE;Site;Pix;26;Switch 8 Portas Gigabit;Rede;Connect Rede;2;189.9;0.12;167.11;379.8;45.58;334.22;206.0;128.22;0.3836;29.57;2;
342;194;2026-06-05;2026-06;58;João Souza;SP;Mirassol;52;ENVIADO;Site;Pix;18;Cooler para Processador;Componentes;Mega Componentes;1;99.9;0.03;96.9;99.9;3.0;96.9;46.0;50.9;0.5253;38.05;8;
343;194;2026-06-05;2026-06;58;João Souza;SP;Mirassol;52;ENVIADO;Site;Pix;3;Headset Gamer P2;Periféricos;FastHardware;1;159.9;0.05;151.91;159.9;7.99;151.91;84.0;67.91;0.447;38.05;8;
344;195;2026-05-19;2026-05;25;Renan Carvalho;MG;Uberaba;59;ENTREGUE;Site;Cartão crédito;5;Mousepad Grande;Acessórios;Prime Eletrônicos;2;39.9;0;39.9;79.8;0.0;79.8;34.0;45.8;0.5739;27.01;3;
345;195;2026-05-19;2026-05;25;Renan Carvalho;MG;Uberaba;59;ENTREGUE;Site;Cartão crédito;10;SSD 480GB SATA;Armazenamento;Mega Componentes;1;259.9;0.05;246.9;259.9;13.0;246.9;158.0;88.9;0.3601;27.01;3;
346;195;2026-05-19;2026-05;25;Renan Carvalho;MG;Uberaba;59;ENTREGUE;Site;Cartão crédito;1;Mouse Óptico USB;Periféricos;TechDistribuidora Brasil;1;49.9;0;49.9;49.9;0.0;49.9;25.0;24.9;0.499;27.01;3;
347;196;2026-06-02;2026-06;43;Caio Souza;SP;Mirassol;22;ENTREGUE;WhatsApp;Cartão crédito;13;Memória RAM 8GB DDR4;Componentes;Mega Componentes;1;179.9;0.03;174.5;179.9;5.4;174.5;107.0;67.5;0.3868;24.17;3;
348;196;2026-06-02;2026-06;43;Caio Souza;SP;Mirassol;22;ENTREGUE;WhatsApp;Cartão crédito;16;Placa de Vídeo GTX 1650;Componentes;FastHardware;2;949.9;0.08;873.91;1899.8;151.98;1747.82;1470.0;277.82;0.159;24.17;3;
349;197;2026-06-03;2026-06;23;Matheus Silva;RJ;Rio de Janeiro;21;CANCELADO;Marketplace;Pix;5;Mousepad Grande;Acessórios;Prime Eletrônicos;1;39.9;0.03;38.7;39.9;1.2;0;17.0;0;0;31.53;;Falha na aprovação do pedido
350;197;2026-06-03;2026-06;23;Matheus Silva;RJ;Rio de Janeiro;21;CANCELADO;Marketplace;Pix;1;Mouse Óptico USB;Periféricos;TechDistribuidora Brasil;1;49.9;0.1;44.91;49.9;4.99;0;25.0;0;0;31.53;;Falha na aprovação do pedido
351;198;2026-03-31;2026-03;5;Olívia Gomes;GO;Goiânia;41;ENTREGUE;Site;Pix;2;Teclado Membrana ABNT2;Periféricos;TechDistribuidora Brasil;1;89.9;0;89.9;89.9;0.0;89.9;48.0;41.9;0.4661;32.84;4;
352;198;2026-03-31;2026-03;5;Olívia Gomes;GO;Goiânia;41;ENTREGUE;Site;Pix;5;Mousepad Grande;Acessórios;Prime Eletrônicos;3;39.9;0;39.9;119.7;0.0;119.7;51.0;68.7;0.5739;32.84;4;
353;199;2026-02-07;2026-02;7;Thiago Gomes;RJ;Rio de Janeiro;61;ENTREGUE;Marketplace;Pix;27;Placa de Rede PCIe;Rede;Connect Rede;1;79.9;0;79.9;79.9;0.0;79.9;37.0;42.9;0.5369;33.33;4;
354;199;2026-02-07;2026-02;7;Thiago Gomes;RJ;Rio de Janeiro;61;ENTREGUE;Marketplace;Pix;1;Mouse Óptico USB;Periféricos;TechDistribuidora Brasil;1;49.9;0;49.9;49.9;0.0;49.9;25.0;24.9;0.499;33.33;4;
355;199;2026-02-07;2026-02;7;Thiago Gomes;RJ;Rio de Janeiro;61;ENTREGUE;Marketplace;Pix;3;Headset Gamer P2;Periféricos;FastHardware;2;159.9;0.05;151.91;319.8;15.98;303.82;168.0;135.82;0.447;33.33;4;
356;200;2026-06-04;2026-06;27;Rodrigo Almeida;SP;Ribeirão Preto;64;ENVIADO;Marketplace;Cartão crédito;25;Roteador Wi-Fi AC1200;Rede;Connect Rede;2;249.9;0.05;237.41;499.8;24.98;474.82;290.0;184.82;0.3892;52.99;4;
357;200;2026-06-04;2026-06;27;Rodrigo Almeida;SP;Ribeirão Preto;64;ENVIADO;Marketplace;Cartão crédito;2;Teclado Membrana ABNT2;Periféricos;TechDistribuidora Brasil;1;89.9;0;89.9;89.9;0.0;89.9;48.0;41.9;0.4661;52.99;4;
358;201;2026-02-20;2026-02;2;Beatriz Costa;SP;Votuporanga;24;ENTREGUE;WhatsApp;Pix;27;Placa de Rede PCIe;Rede;Connect Rede;2;79.9;0.03;77.5;159.8;4.8;155.0;74.0;81.0;0.5226;43.36;7;
359;201;2026-02-20;2026-02;2;Beatriz Costa;SP;Votuporanga;24;ENTREGUE;WhatsApp;Pix;18;Cooler para Processador;Componentes;Mega Componentes;2;99.9;0.05;94.91;199.8;9.98;189.82;92.0;97.82;0.5153;43.36;7;
360;201;2026-02-20;2026-02;2;Beatriz Costa;SP;Votuporanga;24;ENTREGUE;WhatsApp;Pix;8;Suporte Articulado para Monitor;Acessórios;OfficeTech Supply;1;149.9;0.1;134.91;149.9;14.99;134.91;73.0;61.91;0.4589;43.36;7;
361;202;2026-03-27;2026-03;34;Vitor Martins;RJ;Rio de Janeiro;60;ENTREGUE;Site;Cartão débito;16;Placa de Vídeo GTX 1650;Componentes;FastHardware;1;949.9;0.12;835.91;949.9;113.99;835.91;735.0;100.91;0.1207;39.35;4;
362;202;2026-03-27;2026-03;34;Vitor Martins;RJ;Rio de Janeiro;60;ENTREGUE;Site;Cartão débito;2;Teclado Membrana ABNT2;Periféricos;TechDistribuidora Brasil;1;89.9;0.03;87.2;89.9;2.7;87.2;48.0;39.2;0.4495;39.35;4;
363;203;2026-03-16;2026-03;55;Henrique Araujo;GO;Anápolis;26;ENVIADO;Instagram;Pix;9;SSD 240GB SATA;Armazenamento;Mega Componentes;1;169.9;0.03;164.8;169.9;5.1;164.8;98.0;66.8;0.4053;20.53;2;
364;204;2026-06-02;2026-06;53;Carla Almeida;SP;Ribeirão Preto;54;ENVIADO;WhatsApp;Pix;8;Suporte Articulado para Monitor;Acessórios;OfficeTech Supply;2;149.9;0.05;142.41;299.8;14.98;284.82;146.0;138.82;0.4874;42.52;4;
365;205;2026-03-31;2026-03;27;Rodrigo Almeida;SP;Ribeirão Preto;64;EM PROCESSAMENTO;Instagram;Boleto;10;SSD 480GB SATA;Armazenamento;Mega Componentes;1;259.9;0.08;239.11;259.9;20.79;239.11;158.0;81.11;0.3392;20.91;;
366;206;2026-04-30;2026-04;42;Diego Rodrigues;GO;Anápolis;32;ENTREGUE;WhatsApp;Cartão crédito;28;Repetidor Wi-Fi;Rede;Connect Rede;1;139.9;0.05;132.91;139.9;6.99;132.91;69.0;63.91;0.4809;15.2;3;
367;206;2026-04-30;2026-04;42;Diego Rodrigues;GO;Anápolis;32;ENTREGUE;WhatsApp;Cartão crédito;6;Cabo HDMI 2m;Acessórios;Prime Eletrônicos;1;29.9;0.05;28.4;29.9;1.5;28.4;10.0;18.4;0.6479;15.2;3;
368;207;2026-06-02;2026-06;22;Pedro Martins;SP;São José do Rio Preto;24;EM PROCESSAMENTO;WhatsApp;Cartão débito;13;Memória RAM 8GB DDR4;Componentes;Mega Componentes;1;179.9;0.08;165.51;179.9;14.39;165.51;107.0;58.51;0.3535;27.67;;
369;208;2026-04-22;2026-04;27;Rodrigo Almeida;SP;Ribeirão Preto;64;ENTREGUE;Marketplace;Cartão crédito;13;Memória RAM 8GB DDR4;Componentes;Mega Componentes;2;179.9;0;179.9;359.8;0.0;359.8;214.0;145.8;0.4052;36.39;3;
370;209;2026-03-01;2026-03;60;Mariana Araujo;PR;Curitiba;19;ENTREGUE;WhatsApp;Pix;15;Fonte 500W 80 Plus;Componentes;FastHardware;2;289.9;0.03;281.2;579.8;17.4;562.4;364.0;198.4;0.3528;40.96;1;
371;209;2026-03-01;2026-03;60;Mariana Araujo;PR;Curitiba;19;ENTREGUE;WhatsApp;Pix;2;Teclado Membrana ABNT2;Periféricos;TechDistribuidora Brasil;1;89.9;0.03;87.2;89.9;2.7;87.2;48.0;39.2;0.4495;40.96;1;
372;210;2026-05-12;2026-05;50;Rodrigo Lima;MG;Uberlândia;47;ENTREGUE;Marketplace;Boleto;3;Headset Gamer P2;Periféricos;FastHardware;2;159.9;0.05;151.91;319.8;15.98;303.82;168.0;135.82;0.447;31.12;3;
373;210;2026-05-12;2026-05;50;Rodrigo Lima;MG;Uberlândia;47;ENTREGUE;Marketplace;Boleto;11;SSD NVMe 500GB;Armazenamento;FastHardware;1;329.9;0.1;296.91;329.9;32.99;296.91;205.0;91.91;0.3096;31.12;3;
374;210;2026-05-12;2026-05;50;Rodrigo Lima;MG;Uberlândia;47;ENTREGUE;Marketplace;Boleto;18;Cooler para Processador;Componentes;Mega Componentes;3;99.9;0;99.9;299.7;0.0;299.7;138.0;161.7;0.5395;31.12;3;
375;211;2026-06-04;2026-06;27;Rodrigo Almeida;SP;Ribeirão Preto;64;EM PROCESSAMENTO;Site;Cartão crédito;27;Placa de Rede PCIe;Rede;Connect Rede;1;79.9;0;79.9;79.9;0.0;79.9;37.0;42.9;0.5369;31.67;;
376;211;2026-06-04;2026-06;27;Rodrigo Almeida;SP;Ribeirão Preto;64;EM PROCESSAMENTO;Site;Cartão crédito;9;SSD 240GB SATA;Armazenamento;Mega Componentes;1;169.9;0.05;161.41;169.9;8.49;161.41;98.0;63.41;0.3929;31.67;;
377;212;2026-04-10;2026-04;59;Letícia Souza;SP;Votuporanga;39;ENTREGUE;Instagram;Pix;28;Repetidor Wi-Fi;Rede;Connect Rede;1;139.9;0.03;135.7;139.9;4.2;135.7;69.0;66.7;0.4915;29.17;5;
378;212;2026-04-10;2026-04;59;Letícia Souza;SP;Votuporanga;39;ENTREGUE;Instagram;Pix;14;Memória RAM 16GB DDR4;Componentes;Mega Componentes;1;319.9;0;319.9;319.9;0.0;319.9;198.0;121.9;0.3811;29.17;5;
379;213;2026-04-05;2026-04;54;Eduarda Gomes;RJ;Rio de Janeiro;45;ENTREGUE;Site;Pix;27;Placa de Rede PCIe;Rede;Connect Rede;2;79.9;0.12;70.31;159.8;19.18;140.62;74.0;66.62;0.4738;36.19;5;
380;213;2026-04-05;2026-04;54;Eduarda Gomes;RJ;Rio de Janeiro;45;ENTREGUE;Site;Pix;7;Adaptador USB-C HDMI;Acessórios;Prime Eletrônicos;2;119.9;0;119.9;239.8;0.0;239.8;116.0;123.8;0.5163;36.19;5;
381;214;2026-05-04;2026-05;51;Sofia Martins;PR;Curitiba;23;EM PROCESSAMENTO;Indicação;Cartão crédito;18;Cooler para Processador;Componentes;Mega Componentes;2;99.9;0.05;94.91;199.8;9.98;189.82;92.0;97.82;0.5153;52.92;;
382;215;2026-05-18;2026-05;16;Larissa Martins;SP;São José do Rio Preto;33;ENTREGUE;Site;Cartão crédito;25;Roteador Wi-Fi AC1200;Rede;Connect Rede;3;249.9;0;249.9;749.7;0.0;749.7;435.0;314.7;0.4198;47.71;1;
383;215;2026-05-18;2026-05;16;Larissa Martins;SP;São José do Rio Preto;33;ENTREGUE;Site;Cartão crédito;16;Placa de Vídeo GTX 1650;Componentes;FastHardware;2;949.9;0;949.9;1899.8;0.0;1899.8;1470.0;429.8;0.2262;47.71;1;
384;216;2026-04-03;2026-04;56;Olívia Lima;SC;Florianópolis;53;ENTREGUE;WhatsApp;Pix;26;Switch 8 Portas Gigabit;Rede;Connect Rede;1;189.9;0.05;180.41;189.9;9.49;180.41;103.0;77.41;0.4291;43.46;5;
385;216;2026-04-03;2026-04;56;Olívia Lima;SC;Florianópolis;53;ENTREGUE;WhatsApp;Pix;27;Placa de Rede PCIe;Rede;Connect Rede;1;79.9;0;79.9;79.9;0.0;79.9;37.0;42.9;0.5369;43.46;5;
386;216;2026-04-03;2026-04;56;Olívia Lima;SC;Florianópolis;53;ENTREGUE;WhatsApp;Pix;17;Processador Ryzen 5;Componentes;FastHardware;1;799.9;0;799.9;799.9;0.0;799.9;612.0;187.9;0.2349;43.46;5;
387;217;2026-04-15;2026-04;36;Yasmin Carvalho;SP;Votuporanga;34;ENTREGUE;Site;Pix;3;Headset Gamer P2;Periféricos;FastHardware;3;159.9;0.03;155.1;479.7;14.4;465.3;252.0;213.3;0.4584;12;1;
388;218;2026-05-11;2026-05;41;Thiago Costa;SC;Florianópolis;60;ENTREGUE;Instagram;Pix;14;Memória RAM 16GB DDR4;Componentes;Mega Componentes;1;319.9;0.03;310.3;319.9;9.6;310.3;198.0;112.3;0.3619;38.43;4;
389;218;2026-05-11;2026-05;41;Thiago Costa;SC;Florianópolis;60;ENTREGUE;Instagram;Pix;9;SSD 240GB SATA;Armazenamento;Mega Componentes;1;169.9;0.03;164.8;169.9;5.1;164.8;98.0;66.8;0.4053;38.43;4;
390;219;2026-05-21;2026-05;15;Beatriz Araujo;SP;São José do Rio Preto;56;EM PROCESSAMENTO;WhatsApp;Cartão crédito;14;Memória RAM 16GB DDR4;Componentes;Mega Componentes;1;319.9;0;319.9;319.9;0.0;319.9;198.0;121.9;0.3811;40.34;;
391;219;2026-05-21;2026-05;15;Beatriz Araujo;SP;São José do Rio Preto;56;EM PROCESSAMENTO;WhatsApp;Cartão crédito;6;Cabo HDMI 2m;Acessórios;Prime Eletrônicos;1;29.9;0;29.9;29.9;0.0;29.9;10.0;19.9;0.6656;40.34;;
392;219;2026-05-21;2026-05;15;Beatriz Araujo;SP;São José do Rio Preto;56;EM PROCESSAMENTO;WhatsApp;Cartão crédito;5;Mousepad Grande;Acessórios;Prime Eletrônicos;2;39.9;0.1;35.91;79.8;7.98;71.82;34.0;37.82;0.5266;40.34;;
393;220;2026-03-25;2026-03;3;Matheus Almeida;SP;Votuporanga;23;ENVIADO;WhatsApp;Cartão débito;6;Cabo HDMI 2m;Acessórios;Prime Eletrônicos;1;29.9;0.08;27.51;29.9;2.39;27.51;10.0;17.51;0.6365;26.14;7;
394;220;2026-03-25;2026-03;3;Matheus Almeida;SP;Votuporanga;23;ENVIADO;WhatsApp;Cartão débito;27;Placa de Rede PCIe;Rede;Connect Rede;1;79.9;0;79.9;79.9;0.0;79.9;37.0;42.9;0.5369;26.14;7;
